INSERT INTO "SYSTEM_DEPT" ("ID", "NAME", "PARENT_ID", "SORT", "LEADER_USER_ID", "PHONE", "EMAIL", "STATUS", "CREATOR", "CREATE_TIME", "UPDATER", "UPDATE_TIME", "TENANT_ID", "DELETED") VALUES ('100', '芋道源码', '0', '0', '1', '15888888888', 'ry@qq.com', '0', 'admin', TO_DATE('2021-01-05 17:03:47', 'SYYYY-MM-DD HH24:MI:SS'), '103', TO_DATE('2022-01-14 01:04:05', 'SYYYY-MM-DD HH24:MI:SS'), '1', '0');
INSERT INTO "SYSTEM_DEPT" ("ID", "NAME", "PARENT_ID", "SORT", "LEADER_USER_ID", "PHONE", "EMAIL", "STATUS", "CREATOR", "CREATE_TIME", "UPDATER", "UPDATE_TIME", "TENANT_ID", "DELETED") VALUES ('101', '深圳总公司', '100', '1', '104', '15888888888', 'ry@qq.com', '0', 'admin', TO_DATE('2021-01-05 17:03:47', 'SYYYY-MM-DD HH24:MI:SS'), '1', TO_DATE('2022-02-22 19:47:48', 'SYYYY-MM-DD HH24:MI:SS'), '1', '0');
INSERT INTO "SYSTEM_DEPT" ("ID", "NAME", "PARENT_ID", "SORT", "LEADER_USER_ID", "PHONE", "EMAIL", "STATUS", "CREATOR", "CREATE_TIME", "UPDATER", "UPDATE_TIME", "TENANT_ID", "DELETED") VALUES ('102', '长沙分公司', '100', '2', NULL, '15888888888', 'ry@qq.com', '0', 'admin', TO_DATE('2021-01-05 17:03:47', 'SYYYY-MM-DD HH24:MI:SS'), NULL, TO_DATE('2021-12-15 05:01:40', 'SYYYY-MM-DD HH24:MI:SS'), '1', '0');
INSERT INTO "SYSTEM_DEPT" ("ID", "NAME", "PARENT_ID", "SORT", "LEADER_USER_ID", "PHONE", "EMAIL", "STATUS", "CREATOR", "CREATE_TIME", "UPDATER", "UPDATE_TIME", "TENANT_ID", "DELETED") VALUES ('103', '研发部门', '101', '1', '104', '15888888888', 'ry@qq.com', '0', 'admin', TO_DATE('2021-01-05 17:03:47', 'SYYYY-MM-DD HH24:MI:SS'), '103', TO_DATE('2022-01-14 01:04:14', 'SYYYY-MM-DD HH24:MI:SS'), '1', '0');
INSERT INTO "SYSTEM_DEPT" ("ID", "NAME", "PARENT_ID", "SORT", "LEADER_USER_ID", "PHONE", "EMAIL", "STATUS", "CREATOR", "CREATE_TIME", "UPDATER", "UPDATE_TIME", "TENANT_ID", "DELETED") VALUES ('104', '市场部门', '101', '2', NULL, '15888888888', 'ry@qq.com', '0', 'admin', TO_DATE('2021-01-05 17:03:47', 'SYYYY-MM-DD HH24:MI:SS'), NULL, TO_DATE('2021-12-15 05:01:38', 'SYYYY-MM-DD HH24:MI:SS'), '1', '0');
INSERT INTO "SYSTEM_DEPT" ("ID", "NAME", "PARENT_ID", "SORT", "LEADER_USER_ID", "PHONE", "EMAIL", "STATUS", "CREATOR", "CREATE_TIME", "UPDATER", "UPDATE_TIME", "TENANT_ID", "DELETED") VALUES ('105', '测试部门', '101', '3', NULL, '15888888888', 'ry@qq.com', '0', 'admin', TO_DATE('2021-01-05 17:03:47', 'SYYYY-MM-DD HH24:MI:SS'), NULL, TO_DATE('2021-12-15 05:01:37', 'SYYYY-MM-DD HH24:MI:SS'), '1', '0');
INSERT INTO "SYSTEM_DEPT" ("ID", "NAME", "PARENT_ID", "SORT", "LEADER_USER_ID", "PHONE", "EMAIL", "STATUS", "CREATOR", "CREATE_TIME", "UPDATER", "UPDATE_TIME", "TENANT_ID", "DELETED") VALUES ('106', '财务部门', '101', '4', '103', '15888888888', 'ry@qq.com', '0', 'admin', TO_DATE('2021-01-05 17:03:47', 'SYYYY-MM-DD HH24:MI:SS'), '103', TO_DATE('2022-01-15 21:32:22', 'SYYYY-MM-DD HH24:MI:SS'), '1', '0');
INSERT INTO "SYSTEM_DEPT" ("ID", "NAME", "PARENT_ID", "SORT", "LEADER_USER_ID", "PHONE", "EMAIL", "STATUS", "CREATOR", "CREATE_TIME", "UPDATER", "UPDATE_TIME", "TENANT_ID", "DELETED") VALUES ('107', '运维部门', '101', '5', NULL, '15888888888', 'ry@qq.com', '0', 'admin', TO_DATE('2021-01-05 17:03:47', 'SYYYY-MM-DD HH24:MI:SS'), NULL, TO_DATE('2021-12-15 05:01:33', 'SYYYY-MM-DD HH24:MI:SS'), '1', '0');
INSERT INTO "SYSTEM_DEPT" ("ID", "NAME", "PARENT_ID", "SORT", "LEADER_USER_ID", "PHONE", "EMAIL", "STATUS", "CREATOR", "CREATE_TIME", "UPDATER", "UPDATE_TIME", "TENANT_ID", "DELETED") VALUES ('108', '市场部门', '102', '1', NULL, '15888888888', 'ry@qq.com', '0', 'admin', TO_DATE('2021-01-05 17:03:47', 'SYYYY-MM-DD HH24:MI:SS'), '1', TO_DATE('2022-02-16 08:35:45', 'SYYYY-MM-DD HH24:MI:SS'), '1', '0');
INSERT INTO "SYSTEM_DEPT" ("ID", "NAME", "PARENT_ID", "SORT", "LEADER_USER_ID", "PHONE", "EMAIL", "STATUS", "CREATOR", "CREATE_TIME", "UPDATER", "UPDATE_TIME", "TENANT_ID", "DELETED") VALUES ('109', '财务部门', '102', '2', NULL, '15888888888', 'ry@qq.com', '0', 'admin', TO_DATE('2021-01-05 17:03:47', 'SYYYY-MM-DD HH24:MI:SS'), NULL, TO_DATE('2021-12-15 05:01:29', 'SYYYY-MM-DD HH24:MI:SS'), '1', '0');
INSERT INTO "SYSTEM_DEPT" ("ID", "NAME", "PARENT_ID", "SORT", "LEADER_USER_ID", "PHONE", "EMAIL", "STATUS", "CREATOR", "CREATE_TIME", "UPDATER", "UPDATE_TIME", "TENANT_ID", "DELETED") VALUES ('110', '新部门', '0', '1', NULL, NULL, NULL, '0', '110', TO_DATE('2022-02-23 20:46:30', 'SYYYY-MM-DD HH24:MI:SS'), '110', TO_DATE('2022-02-23 20:46:30', 'SYYYY-MM-DD HH24:MI:SS'), '121', '0');
INSERT INTO "SYSTEM_DEPT" ("ID", "NAME", "PARENT_ID", "SORT", "LEADER_USER_ID", "PHONE", "EMAIL", "STATUS", "CREATOR", "CREATE_TIME", "UPDATER", "UPDATE_TIME", "TENANT_ID", "DELETED") VALUES ('111', '顶级部门', '0', '1', NULL, NULL, NULL, '0', '113', TO_DATE('2022-03-07 21:44:50', 'SYYYY-MM-DD HH24:MI:SS'), '113', TO_DATE('2022-03-07 21:44:50', 'SYYYY-MM-DD HH24:MI:SS'), '122', '0');
COMMIT;
COMMIT;

INSERT INTO "SYSTEM_MENU" ("ID", "NAME", "PERMISSION", "TYPE", "SORT", "PARENT_ID", "PATH", "ICON", "COMPONENT", "STATUS", "VISIBLE", "KEEP_ALIVE", "CREATOR", "CREATE_TIME", "UPDATER", "UPDATE_TIME", "DELETED") VALUES ('1', '系统管理', NULL, '1', '10', '0', '/system', 'system', NULL, '0', '1', '1', 'admin', TO_DATE('2021-01-05 17:03:48', 'SYYYY-MM-DD HH24:MI:SS'), '1', TO_DATE('2022-05-12 18:11:34', 'SYYYY-MM-DD HH24:MI:SS'), '0');
INSERT INTO "SYSTEM_MENU" ("ID", "NAME", "PERMISSION", "TYPE", "SORT", "PARENT_ID", "PATH", "ICON", "COMPONENT", "STATUS", "VISIBLE", "KEEP_ALIVE", "CREATOR", "CREATE_TIME", "UPDATER", "UPDATE_TIME", "DELETED") VALUES ('2', '基础设施', NULL, '1', '20', '0', '/infra', 'monitor', NULL, '0', '1', '1', 'admin', TO_DATE('2021-01-05 17:03:48', 'SYYYY-MM-DD HH24:MI:SS'), '1', TO_DATE('2022-05-12 18:11:34', 'SYYYY-MM-DD HH24:MI:SS'), '0');
INSERT INTO "SYSTEM_MENU" ("ID", "NAME", "PERMISSION", "TYPE", "SORT", "PARENT_ID", "PATH", "ICON", "COMPONENT", "STATUS", "VISIBLE", "KEEP_ALIVE", "CREATOR", "CREATE_TIME", "UPDATER", "UPDATE_TIME", "DELETED") VALUES ('5', 'OA 示例', NULL, '1', '40', '1185', 'oa', 'people', NULL, '0', '1', '1', 'admin', TO_DATE('2021-09-20 16:26:19', 'SYYYY-MM-DD HH24:MI:SS'), '1', TO_DATE('2022-05-12 18:11:34', 'SYYYY-MM-DD HH24:MI:SS'), '0');
INSERT INTO "SYSTEM_MENU" ("ID", "NAME", "PERMISSION", "TYPE", "SORT", "PARENT_ID", "PATH", "ICON", "COMPONENT", "STATUS", "VISIBLE", "KEEP_ALIVE", "CREATOR", "CREATE_TIME", "UPDATER", "UPDATE_TIME", "DELETED") VALUES ('100', '用户管理', 'system:user:list', '2', '1', '1', 'user', 'user', 'system/user/index', '0', '1', '1', 'admin', TO_DATE('2021-01-05 17:03:48', 'SYYYY-MM-DD HH24:MI:SS'), NULL, TO_DATE('2022-04-20 17:03:10', 'SYYYY-MM-DD HH24:MI:SS'), '0');
INSERT INTO "SYSTEM_MENU" ("ID", "NAME", "PERMISSION", "TYPE", "SORT", "PARENT_ID", "PATH", "ICON", "COMPONENT", "STATUS", "VISIBLE", "KEEP_ALIVE", "CREATOR", "CREATE_TIME", "UPDATER", "UPDATE_TIME", "DELETED") VALUES ('101', '角色管理', NULL, '2', '2', '1', 'role', 'peoples', 'system/role/index', '0', '1', '1', 'admin', TO_DATE('2021-01-05 17:03:48', 'SYYYY-MM-DD HH24:MI:SS'), '1', TO_DATE('2022-04-20 17:03:10', 'SYYYY-MM-DD HH24:MI:SS'), '0');
INSERT INTO "SYSTEM_MENU" ("ID", "NAME", "PERMISSION", "TYPE", "SORT", "PARENT_ID", "PATH", "ICON", "COMPONENT", "STATUS", "VISIBLE", "KEEP_ALIVE", "CREATOR", "CREATE_TIME", "UPDATER", "UPDATE_TIME", "DELETED") VALUES ('102', '菜单管理', NULL, '2', '3', '1', 'menu', 'tree-table', 'system/menu/index', '0', '1', '1', 'admin', TO_DATE('2021-01-05 17:03:48', 'SYYYY-MM-DD HH24:MI:SS'), '1', TO_DATE('2022-04-20 17:03:10', 'SYYYY-MM-DD HH24:MI:SS'), '0');
INSERT INTO "SYSTEM_MENU" ("ID", "NAME", "PERMISSION", "TYPE", "SORT", "PARENT_ID", "PATH", "ICON", "COMPONENT", "STATUS", "VISIBLE", "KEEP_ALIVE", "CREATOR", "CREATE_TIME", "UPDATER", "UPDATE_TIME", "DELETED") VALUES ('103', '部门管理', NULL, '2', '4', '1', 'dept', 'tree', 'system/dept/index', '0', '1', '1', 'admin', TO_DATE('2021-01-05 17:03:48', 'SYYYY-MM-DD HH24:MI:SS'), '1', TO_DATE('2022-04-20 17:03:10', 'SYYYY-MM-DD HH24:MI:SS'), '0');
INSERT INTO "SYSTEM_MENU" ("ID", "NAME", "PERMISSION", "TYPE", "SORT", "PARENT_ID", "PATH", "ICON", "COMPONENT", "STATUS", "VISIBLE", "KEEP_ALIVE", "CREATOR", "CREATE_TIME", "UPDATER", "UPDATE_TIME", "DELETED") VALUES ('104', '岗位管理', NULL, '2', '5', '1', 'post', 'post', 'system/post/index', '0', '1', '1', 'admin', TO_DATE('2021-01-05 17:03:48', 'SYYYY-MM-DD HH24:MI:SS'), '1', TO_DATE('2022-04-20 17:03:10', 'SYYYY-MM-DD HH24:MI:SS'), '0');
INSERT INTO "SYSTEM_MENU" ("ID", "NAME", "PERMISSION", "TYPE", "SORT", "PARENT_ID", "PATH", "ICON", "COMPONENT", "STATUS", "VISIBLE", "KEEP_ALIVE", "CREATOR", "CREATE_TIME", "UPDATER", "UPDATE_TIME", "DELETED") VALUES ('105', '字典管理', NULL, '2', '6', '1', 'dict', 'dict', 'system/dict/index', '0', '1', '1', 'admin', TO_DATE('2021-01-05 17:03:48', 'SYYYY-MM-DD HH24:MI:SS'), '1', TO_DATE('2022-04-20 17:03:10', 'SYYYY-MM-DD HH24:MI:SS'), '0');
INSERT INTO "SYSTEM_MENU" ("ID", "NAME", "PERMISSION", "TYPE", "SORT", "PARENT_ID", "PATH", "ICON", "COMPONENT", "STATUS", "VISIBLE", "KEEP_ALIVE", "CREATOR", "CREATE_TIME", "UPDATER", "UPDATE_TIME", "DELETED") VALUES ('106', '配置管理', NULL, '2', '6', '2', 'config', 'edit', 'infra/config/index', '0', '1', '1', 'admin', TO_DATE('2021-01-05 17:03:48', 'SYYYY-MM-DD HH24:MI:SS'), '1', TO_DATE('2022-04-20 17:03:10', 'SYYYY-MM-DD HH24:MI:SS'), '0');
INSERT INTO "SYSTEM_MENU" ("ID", "NAME", "PERMISSION", "TYPE", "SORT", "PARENT_ID", "PATH", "ICON", "COMPONENT", "STATUS", "VISIBLE", "KEEP_ALIVE", "CREATOR", "CREATE_TIME", "UPDATER", "UPDATE_TIME", "DELETED") VALUES ('107', '通知公告', NULL, '2', '8', '1', 'notice', 'message', 'system/notice/index', '0', '1', '1', 'admin', TO_DATE('2021-01-05 17:03:48', 'SYYYY-MM-DD HH24:MI:SS'), '1', TO_DATE('2022-04-20 17:03:10', 'SYYYY-MM-DD HH24:MI:SS'), '0');
INSERT INTO "SYSTEM_MENU" ("ID", "NAME", "PERMISSION", "TYPE", "SORT", "PARENT_ID", "PATH", "ICON", "COMPONENT", "STATUS", "VISIBLE", "KEEP_ALIVE", "CREATOR", "CREATE_TIME", "UPDATER", "UPDATE_TIME", "DELETED") VALUES ('108', '审计日志', NULL, '1', '9', '1', 'log', 'log', NULL, '0', '1', '1', 'admin', TO_DATE('2021-01-05 17:03:48', 'SYYYY-MM-DD HH24:MI:SS'), '1', TO_DATE('2022-04-20 17:03:10', 'SYYYY-MM-DD HH24:MI:SS'), '0');
INSERT INTO "SYSTEM_MENU" ("ID", "NAME", "PERMISSION", "TYPE", "SORT", "PARENT_ID", "PATH", "ICON", "COMPONENT", "STATUS", "VISIBLE", "KEEP_ALIVE", "CREATOR", "CREATE_TIME", "UPDATER", "UPDATE_TIME", "DELETED") VALUES ('109', '令牌管理', NULL, '2', '2', '1261', 'token', 'online', 'system/oauth2/token/index', '0', '1', '1', 'admin', TO_DATE('2021-01-05 17:03:48', 'SYYYY-MM-DD HH24:MI:SS'), '1', TO_DATE('2022-05-11 23:31:42', 'SYYYY-MM-DD HH24:MI:SS'), '0');
INSERT INTO "SYSTEM_MENU" ("ID", "NAME", "PERMISSION", "TYPE", "SORT", "PARENT_ID", "PATH", "ICON", "COMPONENT", "STATUS", "VISIBLE", "KEEP_ALIVE", "CREATOR", "CREATE_TIME", "UPDATER", "UPDATE_TIME", "DELETED") VALUES ('110', '定时任务', NULL, '2', '12', '2', 'job', 'job', 'infra/job/index', '0', '1', '1', 'admin', TO_DATE('2021-01-05 17:03:48', 'SYYYY-MM-DD HH24:MI:SS'), '1', TO_DATE('2022-04-20 17:03:10', 'SYYYY-MM-DD HH24:MI:SS'), '0');
INSERT INTO "SYSTEM_MENU" ("ID", "NAME", "PERMISSION", "TYPE", "SORT", "PARENT_ID", "PATH", "ICON", "COMPONENT", "STATUS", "VISIBLE", "KEEP_ALIVE", "CREATOR", "CREATE_TIME", "UPDATER", "UPDATE_TIME", "DELETED") VALUES ('111', 'MySQL 监控', NULL, '2', '9', '2', 'druid', 'druid', 'infra/druid/index', '0', '1', '1', 'admin', TO_DATE('2021-01-05 17:03:48', 'SYYYY-MM-DD HH24:MI:SS'), '1', TO_DATE('2022-04-20 17:03:10', 'SYYYY-MM-DD HH24:MI:SS'), '0');
INSERT INTO "SYSTEM_MENU" ("ID", "NAME", "PERMISSION", "TYPE", "SORT", "PARENT_ID", "PATH", "ICON", "COMPONENT", "STATUS", "VISIBLE", "KEEP_ALIVE", "CREATOR", "CREATE_TIME", "UPDATER", "UPDATE_TIME", "DELETED") VALUES ('112', 'Java 监控', NULL, '2', '11', '2', 'admin-server', 'server', 'infra/server/index', '0', '1', '1', 'admin', TO_DATE('2021-01-05 17:03:48', 'SYYYY-MM-DD HH24:MI:SS'), '1', TO_DATE('2022-04-20 17:03:10', 'SYYYY-MM-DD HH24:MI:SS'), '0');
INSERT INTO "SYSTEM_MENU" ("ID", "NAME", "PERMISSION", "TYPE", "SORT", "PARENT_ID", "PATH", "ICON", "COMPONENT", "STATUS", "VISIBLE", "KEEP_ALIVE", "CREATOR", "CREATE_TIME", "UPDATER", "UPDATE_TIME", "DELETED") VALUES ('113', 'Redis 监控', NULL, '2', '10', '2', 'redis', 'redis', 'infra/redis/index', '0', '1', '1', 'admin', TO_DATE('2021-01-05 17:03:48', 'SYYYY-MM-DD HH24:MI:SS'), '1', TO_DATE('2022-04-20 17:03:10', 'SYYYY-MM-DD HH24:MI:SS'), '0');
INSERT INTO "SYSTEM_MENU" ("ID", "NAME", "PERMISSION", "TYPE", "SORT", "PARENT_ID", "PATH", "ICON", "COMPONENT", "STATUS", "VISIBLE", "KEEP_ALIVE", "CREATOR", "CREATE_TIME", "UPDATER", "UPDATE_TIME", "DELETED") VALUES ('114', '表单构建', 'infra:build:list', '2', '2', '2', 'build', 'build', 'infra/build/index', '0', '1', '1', 'admin', TO_DATE('2021-01-05 17:03:48', 'SYYYY-MM-DD HH24:MI:SS'), '1', TO_DATE('2022-04-20 17:03:10', 'SYYYY-MM-DD HH24:MI:SS'), '0');
INSERT INTO "SYSTEM_MENU" ("ID", "NAME", "PERMISSION", "TYPE", "SORT", "PARENT_ID", "PATH", "ICON", "COMPONENT", "STATUS", "VISIBLE", "KEEP_ALIVE", "CREATOR", "CREATE_TIME", "UPDATER", "UPDATE_TIME", "DELETED") VALUES ('115', '代码生成', 'infra:codegen:query', '2', '1', '2', 'codegen', 'code', 'infra/codegen/index', '0', '1', '1', 'admin', TO_DATE('2021-01-05 17:03:48', 'SYYYY-MM-DD HH24:MI:SS'), '1', TO_DATE('2022-04-20 17:03:10', 'SYYYY-MM-DD HH24:MI:SS'), '0');
INSERT INTO "SYSTEM_MENU" ("ID", "NAME", "PERMISSION", "TYPE", "SORT", "PARENT_ID", "PATH", "ICON", "COMPONENT", "STATUS", "VISIBLE", "KEEP_ALIVE", "CREATOR", "CREATE_TIME", "UPDATER", "UPDATE_TIME", "DELETED") VALUES ('116', '系统接口', 'infra:swagger:list', '2', '3', '2', 'swagger', 'swagger', 'infra/swagger/index', '0', '1', '1', 'admin', TO_DATE('2021-01-05 17:03:48', 'SYYYY-MM-DD HH24:MI:SS'), '1', TO_DATE('2022-04-20 17:03:10', 'SYYYY-MM-DD HH24:MI:SS'), '0');
INSERT INTO "SYSTEM_MENU" ("ID", "NAME", "PERMISSION", "TYPE", "SORT", "PARENT_ID", "PATH", "ICON", "COMPONENT", "STATUS", "VISIBLE", "KEEP_ALIVE", "CREATOR", "CREATE_TIME", "UPDATER", "UPDATE_TIME", "DELETED") VALUES ('500', '操作日志', NULL, '2', '1', '108', 'operate-log', 'form', 'system/operatelog/index', '0', '1', '1', 'admin', TO_DATE('2021-01-05 17:03:48', 'SYYYY-MM-DD HH24:MI:SS'), '1', TO_DATE('2022-04-20 17:03:10', 'SYYYY-MM-DD HH24:MI:SS'), '0');
INSERT INTO "SYSTEM_MENU" ("ID", "NAME", "PERMISSION", "TYPE", "SORT", "PARENT_ID", "PATH", "ICON", "COMPONENT", "STATUS", "VISIBLE", "KEEP_ALIVE", "CREATOR", "CREATE_TIME", "UPDATER", "UPDATE_TIME", "DELETED") VALUES ('501', '登录日志', NULL, '2', '2', '108', 'login-log', 'logininfor', 'system/loginlog/index', '0', '1', '1', 'admin', TO_DATE('2021-01-05 17:03:48', 'SYYYY-MM-DD HH24:MI:SS'), '1', TO_DATE('2022-04-20 17:03:10', 'SYYYY-MM-DD HH24:MI:SS'), '0');
INSERT INTO "SYSTEM_MENU" ("ID", "NAME", "PERMISSION", "TYPE", "SORT", "PARENT_ID", "PATH", "ICON", "COMPONENT", "STATUS", "VISIBLE", "KEEP_ALIVE", "CREATOR", "CREATE_TIME", "UPDATER", "UPDATE_TIME", "DELETED") VALUES ('1001', '用户查询', 'system:user:query', '3', '1', '100', NULL, '#', NULL, '0', '1', '1', 'admin', TO_DATE('2021-01-05 17:03:48', 'SYYYY-MM-DD HH24:MI:SS'), NULL, TO_DATE('2022-04-20 17:03:10', 'SYYYY-MM-DD HH24:MI:SS'), '0');
INSERT INTO "SYSTEM_MENU" ("ID", "NAME", "PERMISSION", "TYPE", "SORT", "PARENT_ID", "PATH", "ICON", "COMPONENT", "STATUS", "VISIBLE", "KEEP_ALIVE", "CREATOR", "CREATE_TIME", "UPDATER", "UPDATE_TIME", "DELETED") VALUES ('1002', '用户新增', 'system:user:create', '3', '2', '100', NULL, NULL, NULL, '0', '1', '1', 'admin', TO_DATE('2021-01-05 17:03:48', 'SYYYY-MM-DD HH24:MI:SS'), '1', TO_DATE('2022-04-20 17:03:10', 'SYYYY-MM-DD HH24:MI:SS'), '0');
INSERT INTO "SYSTEM_MENU" ("ID", "NAME", "PERMISSION", "TYPE", "SORT", "PARENT_ID", "PATH", "ICON", "COMPONENT", "STATUS", "VISIBLE", "KEEP_ALIVE", "CREATOR", "CREATE_TIME", "UPDATER", "UPDATE_TIME", "DELETED") VALUES ('1003', '用户修改', 'system:user:update', '3', '3', '100', NULL, NULL, NULL, '0', '1', '1', 'admin', TO_DATE('2021-01-05 17:03:48', 'SYYYY-MM-DD HH24:MI:SS'), '1', TO_DATE('2022-04-20 17:03:10', 'SYYYY-MM-DD HH24:MI:SS'), '0');
INSERT INTO "SYSTEM_MENU" ("ID", "NAME", "PERMISSION", "TYPE", "SORT", "PARENT_ID", "PATH", "ICON", "COMPONENT", "STATUS", "VISIBLE", "KEEP_ALIVE", "CREATOR", "CREATE_TIME", "UPDATER", "UPDATE_TIME", "DELETED") VALUES ('1004', '用户删除', 'system:user:delete', '3', '4', '100', NULL, NULL, NULL, '0', '1', '1', 'admin', TO_DATE('2021-01-05 17:03:48', 'SYYYY-MM-DD HH24:MI:SS'), '1', TO_DATE('2022-04-20 17:03:10', 'SYYYY-MM-DD HH24:MI:SS'), '0');
INSERT INTO "SYSTEM_MENU" ("ID", "NAME", "PERMISSION", "TYPE", "SORT", "PARENT_ID", "PATH", "ICON", "COMPONENT", "STATUS", "VISIBLE", "KEEP_ALIVE", "CREATOR", "CREATE_TIME", "UPDATER", "UPDATE_TIME", "DELETED") VALUES ('1005', '用户导出', 'system:user:export', '3', '5', '100', NULL, '#', NULL, '0', '1', '1', 'admin', TO_DATE('2021-01-05 17:03:48', 'SYYYY-MM-DD HH24:MI:SS'), NULL, TO_DATE('2022-04-20 17:03:10', 'SYYYY-MM-DD HH24:MI:SS'), '0');
INSERT INTO "SYSTEM_MENU" ("ID", "NAME", "PERMISSION", "TYPE", "SORT", "PARENT_ID", "PATH", "ICON", "COMPONENT", "STATUS", "VISIBLE", "KEEP_ALIVE", "CREATOR", "CREATE_TIME", "UPDATER", "UPDATE_TIME", "DELETED") VALUES ('1006', '用户导入', 'system:user:import', '3', '6', '100', NULL, '#', NULL, '0', '1', '1', 'admin', TO_DATE('2021-01-05 17:03:48', 'SYYYY-MM-DD HH24:MI:SS'), NULL, TO_DATE('2022-04-20 17:03:10', 'SYYYY-MM-DD HH24:MI:SS'), '0');
INSERT INTO "SYSTEM_MENU" ("ID", "NAME", "PERMISSION", "TYPE", "SORT", "PARENT_ID", "PATH", "ICON", "COMPONENT", "STATUS", "VISIBLE", "KEEP_ALIVE", "CREATOR", "CREATE_TIME", "UPDATER", "UPDATE_TIME", "DELETED") VALUES ('1007', '重置密码', 'system:user:update-password', '3', '7', '100', NULL, NULL, NULL, '0', '1', '1', 'admin', TO_DATE('2021-01-05 17:03:48', 'SYYYY-MM-DD HH24:MI:SS'), '1', TO_DATE('2022-04-20 17:03:10', 'SYYYY-MM-DD HH24:MI:SS'), '0');
INSERT INTO "SYSTEM_MENU" ("ID", "NAME", "PERMISSION", "TYPE", "SORT", "PARENT_ID", "PATH", "ICON", "COMPONENT", "STATUS", "VISIBLE", "KEEP_ALIVE", "CREATOR", "CREATE_TIME", "UPDATER", "UPDATE_TIME", "DELETED") VALUES ('1008', '角色查询', 'system:role:query', '3', '1', '101', NULL, '#', NULL, '0', '1', '1', 'admin', TO_DATE('2021-01-05 17:03:48', 'SYYYY-MM-DD HH24:MI:SS'), NULL, TO_DATE('2022-04-20 17:03:10', 'SYYYY-MM-DD HH24:MI:SS'), '0');
INSERT INTO "SYSTEM_MENU" ("ID", "NAME", "PERMISSION", "TYPE", "SORT", "PARENT_ID", "PATH", "ICON", "COMPONENT", "STATUS", "VISIBLE", "KEEP_ALIVE", "CREATOR", "CREATE_TIME", "UPDATER", "UPDATE_TIME", "DELETED") VALUES ('1009', '角色新增', 'system:role:create', '3', '2', '101', NULL, NULL, NULL, '0', '1', '1', 'admin', TO_DATE('2021-01-05 17:03:48', 'SYYYY-MM-DD HH24:MI:SS'), '1', TO_DATE('2022-04-20 17:03:10', 'SYYYY-MM-DD HH24:MI:SS'), '0');
INSERT INTO "SYSTEM_MENU" ("ID", "NAME", "PERMISSION", "TYPE", "SORT", "PARENT_ID", "PATH", "ICON", "COMPONENT", "STATUS", "VISIBLE", "KEEP_ALIVE", "CREATOR", "CREATE_TIME", "UPDATER", "UPDATE_TIME", "DELETED") VALUES ('1010', '角色修改', 'system:role:update', '3', '3', '101', NULL, NULL, NULL, '0', '1', '1', 'admin', TO_DATE('2021-01-05 17:03:48', 'SYYYY-MM-DD HH24:MI:SS'), '1', TO_DATE('2022-04-20 17:03:10', 'SYYYY-MM-DD HH24:MI:SS'), '0');
INSERT INTO "SYSTEM_MENU" ("ID", "NAME", "PERMISSION", "TYPE", "SORT", "PARENT_ID", "PATH", "ICON", "COMPONENT", "STATUS", "VISIBLE", "KEEP_ALIVE", "CREATOR", "CREATE_TIME", "UPDATER", "UPDATE_TIME", "DELETED") VALUES ('1011', '角色删除', 'system:role:delete', '3', '4', '101', NULL, NULL, NULL, '0', '1', '1', 'admin', TO_DATE('2021-01-05 17:03:48', 'SYYYY-MM-DD HH24:MI:SS'), '1', TO_DATE('2022-04-20 17:03:10', 'SYYYY-MM-DD HH24:MI:SS'), '0');
INSERT INTO "SYSTEM_MENU" ("ID", "NAME", "PERMISSION", "TYPE", "SORT", "PARENT_ID", "PATH", "ICON", "COMPONENT", "STATUS", "VISIBLE", "KEEP_ALIVE", "CREATOR", "CREATE_TIME", "UPDATER", "UPDATE_TIME", "DELETED") VALUES ('1012', '角色导出', 'system:role:export', '3', '5', '101', NULL, '#', NULL, '0', '1', '1', 'admin', TO_DATE('2021-01-05 17:03:48', 'SYYYY-MM-DD HH24:MI:SS'), NULL, TO_DATE('2022-04-20 17:03:10', 'SYYYY-MM-DD HH24:MI:SS'), '0');
INSERT INTO "SYSTEM_MENU" ("ID", "NAME", "PERMISSION", "TYPE", "SORT", "PARENT_ID", "PATH", "ICON", "COMPONENT", "STATUS", "VISIBLE", "KEEP_ALIVE", "CREATOR", "CREATE_TIME", "UPDATER", "UPDATE_TIME", "DELETED") VALUES ('1013', '菜单查询', 'system:menu:query', '3', '1', '102', NULL, '#', NULL, '0', '1', '1', 'admin', TO_DATE('2021-01-05 17:03:48', 'SYYYY-MM-DD HH24:MI:SS'), NULL, TO_DATE('2022-04-20 17:03:10', 'SYYYY-MM-DD HH24:MI:SS'), '0');
INSERT INTO "SYSTEM_MENU" ("ID", "NAME", "PERMISSION", "TYPE", "SORT", "PARENT_ID", "PATH", "ICON", "COMPONENT", "STATUS", "VISIBLE", "KEEP_ALIVE", "CREATOR", "CREATE_TIME", "UPDATER", "UPDATE_TIME", "DELETED") VALUES ('1014', '菜单新增', 'system:menu:create', '3', '2', '102', NULL, '#', NULL, '0', '1', '1', 'admin', TO_DATE('2021-01-05 17:03:48', 'SYYYY-MM-DD HH24:MI:SS'), NULL, TO_DATE('2022-04-20 17:03:10', 'SYYYY-MM-DD HH24:MI:SS'), '0');
INSERT INTO "SYSTEM_MENU" ("ID", "NAME", "PERMISSION", "TYPE", "SORT", "PARENT_ID", "PATH", "ICON", "COMPONENT", "STATUS", "VISIBLE", "KEEP_ALIVE", "CREATOR", "CREATE_TIME", "UPDATER", "UPDATE_TIME", "DELETED") VALUES ('1015', '菜单修改', 'system:menu:update', '3', '3', '102', NULL, '#', NULL, '0', '1', '1', 'admin', TO_DATE('2021-01-05 17:03:48', 'SYYYY-MM-DD HH24:MI:SS'), NULL, TO_DATE('2022-04-20 17:03:10', 'SYYYY-MM-DD HH24:MI:SS'), '0');
INSERT INTO "SYSTEM_MENU" ("ID", "NAME", "PERMISSION", "TYPE", "SORT", "PARENT_ID", "PATH", "ICON", "COMPONENT", "STATUS", "VISIBLE", "KEEP_ALIVE", "CREATOR", "CREATE_TIME", "UPDATER", "UPDATE_TIME", "DELETED") VALUES ('1016', '菜单删除', 'system:menu:delete', '3', '4', '102', NULL, '#', NULL, '0', '1', '1', 'admin', TO_DATE('2021-01-05 17:03:48', 'SYYYY-MM-DD HH24:MI:SS'), NULL, TO_DATE('2022-04-20 17:03:10', 'SYYYY-MM-DD HH24:MI:SS'), '0');
INSERT INTO "SYSTEM_MENU" ("ID", "NAME", "PERMISSION", "TYPE", "SORT", "PARENT_ID", "PATH", "ICON", "COMPONENT", "STATUS", "VISIBLE", "KEEP_ALIVE", "CREATOR", "CREATE_TIME", "UPDATER", "UPDATE_TIME", "DELETED") VALUES ('1017', '部门查询', 'system:dept:query', '3', '1', '103', NULL, '#', NULL, '0', '1', '1', 'admin', TO_DATE('2021-01-05 17:03:48', 'SYYYY-MM-DD HH24:MI:SS'), NULL, TO_DATE('2022-04-20 17:03:10', 'SYYYY-MM-DD HH24:MI:SS'), '0');
INSERT INTO "SYSTEM_MENU" ("ID", "NAME", "PERMISSION", "TYPE", "SORT", "PARENT_ID", "PATH", "ICON", "COMPONENT", "STATUS", "VISIBLE", "KEEP_ALIVE", "CREATOR", "CREATE_TIME", "UPDATER", "UPDATE_TIME", "DELETED") VALUES ('1018', '部门新增', 'system:dept:create', '3', '2', '103', NULL, NULL, NULL, '0', '1', '1', 'admin', TO_DATE('2021-01-05 17:03:48', 'SYYYY-MM-DD HH24:MI:SS'), '1', TO_DATE('2022-04-20 17:03:10', 'SYYYY-MM-DD HH24:MI:SS'), '0');
INSERT INTO "SYSTEM_MENU" ("ID", "NAME", "PERMISSION", "TYPE", "SORT", "PARENT_ID", "PATH", "ICON", "COMPONENT", "STATUS", "VISIBLE", "KEEP_ALIVE", "CREATOR", "CREATE_TIME", "UPDATER", "UPDATE_TIME", "DELETED") VALUES ('1019', '部门修改', 'system:dept:update', '3', '3', '103', NULL, NULL, NULL, '0', '1', '1', 'admin', TO_DATE('2021-01-05 17:03:48', 'SYYYY-MM-DD HH24:MI:SS'), '1', TO_DATE('2022-04-20 17:03:10', 'SYYYY-MM-DD HH24:MI:SS'), '0');
INSERT INTO "SYSTEM_MENU" ("ID", "NAME", "PERMISSION", "TYPE", "SORT", "PARENT_ID", "PATH", "ICON", "COMPONENT", "STATUS", "VISIBLE", "KEEP_ALIVE", "CREATOR", "CREATE_TIME", "UPDATER", "UPDATE_TIME", "DELETED") VALUES ('1020', '部门删除', 'system:dept:delete', '3', '4', '103', NULL, NULL, NULL, '0', '1', '1', 'admin', TO_DATE('2021-01-05 17:03:48', 'SYYYY-MM-DD HH24:MI:SS'), '1', TO_DATE('2022-04-20 17:03:10', 'SYYYY-MM-DD HH24:MI:SS'), '0');
INSERT INTO "SYSTEM_MENU" ("ID", "NAME", "PERMISSION", "TYPE", "SORT", "PARENT_ID", "PATH", "ICON", "COMPONENT", "STATUS", "VISIBLE", "KEEP_ALIVE", "CREATOR", "CREATE_TIME", "UPDATER", "UPDATE_TIME", "DELETED") VALUES ('1021', '岗位查询', 'system:post:query', '3', '1', '104', NULL, '#', NULL, '0', '1', '1', 'admin', TO_DATE('2021-01-05 17:03:48', 'SYYYY-MM-DD HH24:MI:SS'), NULL, TO_DATE('2022-04-20 17:03:10', 'SYYYY-MM-DD HH24:MI:SS'), '0');
INSERT INTO "SYSTEM_MENU" ("ID", "NAME", "PERMISSION", "TYPE", "SORT", "PARENT_ID", "PATH", "ICON", "COMPONENT", "STATUS", "VISIBLE", "KEEP_ALIVE", "CREATOR", "CREATE_TIME", "UPDATER", "UPDATE_TIME", "DELETED") VALUES ('1022', '岗位新增', 'system:post:create', '3', '2', '104', NULL, NULL, NULL, '0', '1', '1', 'admin', TO_DATE('2021-01-05 17:03:48', 'SYYYY-MM-DD HH24:MI:SS'), '1', TO_DATE('2022-04-20 17:03:10', 'SYYYY-MM-DD HH24:MI:SS'), '0');
INSERT INTO "SYSTEM_MENU" ("ID", "NAME", "PERMISSION", "TYPE", "SORT", "PARENT_ID", "PATH", "ICON", "COMPONENT", "STATUS", "VISIBLE", "KEEP_ALIVE", "CREATOR", "CREATE_TIME", "UPDATER", "UPDATE_TIME", "DELETED") VALUES ('1023', '岗位修改', 'system:post:update', '3', '3', '104', NULL, NULL, NULL, '0', '1', '1', 'admin', TO_DATE('2021-01-05 17:03:48', 'SYYYY-MM-DD HH24:MI:SS'), '1', TO_DATE('2022-04-20 17:03:10', 'SYYYY-MM-DD HH24:MI:SS'), '0');
INSERT INTO "SYSTEM_MENU" ("ID", "NAME", "PERMISSION", "TYPE", "SORT", "PARENT_ID", "PATH", "ICON", "COMPONENT", "STATUS", "VISIBLE", "KEEP_ALIVE", "CREATOR", "CREATE_TIME", "UPDATER", "UPDATE_TIME", "DELETED") VALUES ('1024', '岗位删除', 'system:post:delete', '3', '4', '104', NULL, NULL, NULL, '0', '1', '1', 'admin', TO_DATE('2021-01-05 17:03:48', 'SYYYY-MM-DD HH24:MI:SS'), '1', TO_DATE('2022-04-20 17:03:10', 'SYYYY-MM-DD HH24:MI:SS'), '0');
INSERT INTO "SYSTEM_MENU" ("ID", "NAME", "PERMISSION", "TYPE", "SORT", "PARENT_ID", "PATH", "ICON", "COMPONENT", "STATUS", "VISIBLE", "KEEP_ALIVE", "CREATOR", "CREATE_TIME", "UPDATER", "UPDATE_TIME", "DELETED") VALUES ('1025', '岗位导出', 'system:post:export', '3', '5', '104', NULL, '#', NULL, '0', '1', '1', 'admin', TO_DATE('2021-01-05 17:03:48', 'SYYYY-MM-DD HH24:MI:SS'), NULL, TO_DATE('2022-04-20 17:03:10', 'SYYYY-MM-DD HH24:MI:SS'), '0');
INSERT INTO "SYSTEM_MENU" ("ID", "NAME", "PERMISSION", "TYPE", "SORT", "PARENT_ID", "PATH", "ICON", "COMPONENT", "STATUS", "VISIBLE", "KEEP_ALIVE", "CREATOR", "CREATE_TIME", "UPDATER", "UPDATE_TIME", "DELETED") VALUES ('1026', '字典查询', 'system:dict:query', '3', '1', '105', '#', '#', NULL, '0', '1', '1', 'admin', TO_DATE('2021-01-05 17:03:48', 'SYYYY-MM-DD HH24:MI:SS'), NULL, TO_DATE('2022-04-20 17:03:10', 'SYYYY-MM-DD HH24:MI:SS'), '0');
INSERT INTO "SYSTEM_MENU" ("ID", "NAME", "PERMISSION", "TYPE", "SORT", "PARENT_ID", "PATH", "ICON", "COMPONENT", "STATUS", "VISIBLE", "KEEP_ALIVE", "CREATOR", "CREATE_TIME", "UPDATER", "UPDATE_TIME", "DELETED") VALUES ('1027', '字典新增', 'system:dict:create', '3', '2', '105', NULL, NULL, NULL, '0', '1', '1', 'admin', TO_DATE('2021-01-05 17:03:48', 'SYYYY-MM-DD HH24:MI:SS'), '1', TO_DATE('2022-04-20 17:03:10', 'SYYYY-MM-DD HH24:MI:SS'), '0');
INSERT INTO "SYSTEM_MENU" ("ID", "NAME", "PERMISSION", "TYPE", "SORT", "PARENT_ID", "PATH", "ICON", "COMPONENT", "STATUS", "VISIBLE", "KEEP_ALIVE", "CREATOR", "CREATE_TIME", "UPDATER", "UPDATE_TIME", "DELETED") VALUES ('1028', '字典修改', 'system:dict:update', '3', '3', '105', NULL, NULL, NULL, '0', '1', '1', 'admin', TO_DATE('2021-01-05 17:03:48', 'SYYYY-MM-DD HH24:MI:SS'), '1', TO_DATE('2022-04-20 17:03:10', 'SYYYY-MM-DD HH24:MI:SS'), '0');
INSERT INTO "SYSTEM_MENU" ("ID", "NAME", "PERMISSION", "TYPE", "SORT", "PARENT_ID", "PATH", "ICON", "COMPONENT", "STATUS", "VISIBLE", "KEEP_ALIVE", "CREATOR", "CREATE_TIME", "UPDATER", "UPDATE_TIME", "DELETED") VALUES ('1029', '字典删除', 'system:dict:delete', '3', '4', '105', NULL, NULL, NULL, '0', '1', '1', 'admin', TO_DATE('2021-01-05 17:03:48', 'SYYYY-MM-DD HH24:MI:SS'), '1', TO_DATE('2022-04-20 17:03:10', 'SYYYY-MM-DD HH24:MI:SS'), '0');
INSERT INTO "SYSTEM_MENU" ("ID", "NAME", "PERMISSION", "TYPE", "SORT", "PARENT_ID", "PATH", "ICON", "COMPONENT", "STATUS", "VISIBLE", "KEEP_ALIVE", "CREATOR", "CREATE_TIME", "UPDATER", "UPDATE_TIME", "DELETED") VALUES ('1030', '字典导出', 'system:dict:export', '3', '5', '105', '#', '#', NULL, '0', '1', '1', 'admin', TO_DATE('2021-01-05 17:03:48', 'SYYYY-MM-DD HH24:MI:SS'), NULL, TO_DATE('2022-04-20 17:03:10', 'SYYYY-MM-DD HH24:MI:SS'), '0');
INSERT INTO "SYSTEM_MENU" ("ID", "NAME", "PERMISSION", "TYPE", "SORT", "PARENT_ID", "PATH", "ICON", "COMPONENT", "STATUS", "VISIBLE", "KEEP_ALIVE", "CREATOR", "CREATE_TIME", "UPDATER", "UPDATE_TIME", "DELETED") VALUES ('1031', '配置查询', 'infra:config:query', '3', '1', '106', NULL, NULL, NULL, '0', '1', '1', 'admin', TO_DATE('2021-01-05 17:03:48', 'SYYYY-MM-DD HH24:MI:SS'), NULL, TO_DATE('2022-04-20 17:03:10', 'SYYYY-MM-DD HH24:MI:SS'), '0');
INSERT INTO "SYSTEM_MENU" ("ID", "NAME", "PERMISSION", "TYPE", "SORT", "PARENT_ID", "PATH", "ICON", "COMPONENT", "STATUS", "VISIBLE", "KEEP_ALIVE", "CREATOR", "CREATE_TIME", "UPDATER", "UPDATE_TIME", "DELETED") VALUES ('1032', '配置新增', 'infra:config:create', '3', '2', '106', NULL, NULL, NULL, '0', '1', '1', 'admin', TO_DATE('2021-01-05 17:03:48', 'SYYYY-MM-DD HH24:MI:SS'), '1', TO_DATE('2022-04-20 17:03:10', 'SYYYY-MM-DD HH24:MI:SS'), '0');
INSERT INTO "SYSTEM_MENU" ("ID", "NAME", "PERMISSION", "TYPE", "SORT", "PARENT_ID", "PATH", "ICON", "COMPONENT", "STATUS", "VISIBLE", "KEEP_ALIVE", "CREATOR", "CREATE_TIME", "UPDATER", "UPDATE_TIME", "DELETED") VALUES ('1033', '配置修改', 'infra:config:update', '3', '3', '106', NULL, NULL, NULL, '0', '1', '1', 'admin', TO_DATE('2021-01-05 17:03:48', 'SYYYY-MM-DD HH24:MI:SS'), '1', TO_DATE('2022-04-20 17:03:10', 'SYYYY-MM-DD HH24:MI:SS'), '0');
INSERT INTO "SYSTEM_MENU" ("ID", "NAME", "PERMISSION", "TYPE", "SORT", "PARENT_ID", "PATH", "ICON", "COMPONENT", "STATUS", "VISIBLE", "KEEP_ALIVE", "CREATOR", "CREATE_TIME", "UPDATER", "UPDATE_TIME", "DELETED") VALUES ('1034', '配置删除', 'infra:config:delete', '3', '4', '106', NULL, NULL, NULL, '0', '1', '1', 'admin', TO_DATE('2021-01-05 17:03:48', 'SYYYY-MM-DD HH24:MI:SS'), '1', TO_DATE('2022-04-20 17:03:10', 'SYYYY-MM-DD HH24:MI:SS'), '0');
INSERT INTO "SYSTEM_MENU" ("ID", "NAME", "PERMISSION", "TYPE", "SORT", "PARENT_ID", "PATH", "ICON", "COMPONENT", "STATUS", "VISIBLE", "KEEP_ALIVE", "CREATOR", "CREATE_TIME", "UPDATER", "UPDATE_TIME", "DELETED") VALUES ('1035', '配置导出', 'infra:config:export', '3', '5', '106', NULL, NULL, NULL, '0', '1', '1', 'admin', TO_DATE('2021-01-05 17:03:48', 'SYYYY-MM-DD HH24:MI:SS'), NULL, TO_DATE('2022-04-20 17:03:10', 'SYYYY-MM-DD HH24:MI:SS'), '0');
INSERT INTO "SYSTEM_MENU" ("ID", "NAME", "PERMISSION", "TYPE", "SORT", "PARENT_ID", "PATH", "ICON", "COMPONENT", "STATUS", "VISIBLE", "KEEP_ALIVE", "CREATOR", "CREATE_TIME", "UPDATER", "UPDATE_TIME", "DELETED") VALUES ('1036', '公告查询', 'system:notice:query', '3', '1', '107', '#', '#', NULL, '0', '1', '1', 'admin', TO_DATE('2021-01-05 17:03:48', 'SYYYY-MM-DD HH24:MI:SS'), NULL, TO_DATE('2022-04-20 17:03:10', 'SYYYY-MM-DD HH24:MI:SS'), '0');
INSERT INTO "SYSTEM_MENU" ("ID", "NAME", "PERMISSION", "TYPE", "SORT", "PARENT_ID", "PATH", "ICON", "COMPONENT", "STATUS", "VISIBLE", "KEEP_ALIVE", "CREATOR", "CREATE_TIME", "UPDATER", "UPDATE_TIME", "DELETED") VALUES ('1037', '公告新增', 'system:notice:create', '3', '2', '107', NULL, NULL, NULL, '0', '1', '1', 'admin', TO_DATE('2021-01-05 17:03:48', 'SYYYY-MM-DD HH24:MI:SS'), '1', TO_DATE('2022-04-20 17:03:10', 'SYYYY-MM-DD HH24:MI:SS'), '0');
INSERT INTO "SYSTEM_MENU" ("ID", "NAME", "PERMISSION", "TYPE", "SORT", "PARENT_ID", "PATH", "ICON", "COMPONENT", "STATUS", "VISIBLE", "KEEP_ALIVE", "CREATOR", "CREATE_TIME", "UPDATER", "UPDATE_TIME", "DELETED") VALUES ('1038', '公告修改', 'system:notice:update', '3', '3', '107', NULL, NULL, NULL, '0', '1', '1', 'admin', TO_DATE('2021-01-05 17:03:48', 'SYYYY-MM-DD HH24:MI:SS'), '1', TO_DATE('2022-04-20 17:03:10', 'SYYYY-MM-DD HH24:MI:SS'), '0');
INSERT INTO "SYSTEM_MENU" ("ID", "NAME", "PERMISSION", "TYPE", "SORT", "PARENT_ID", "PATH", "ICON", "COMPONENT", "STATUS", "VISIBLE", "KEEP_ALIVE", "CREATOR", "CREATE_TIME", "UPDATER", "UPDATE_TIME", "DELETED") VALUES ('1039', '公告删除', 'system:notice:delete', '3', '4', '107', NULL, NULL, NULL, '0', '1', '1', 'admin', TO_DATE('2021-01-05 17:03:48', 'SYYYY-MM-DD HH24:MI:SS'), '1', TO_DATE('2022-04-20 17:03:10', 'SYYYY-MM-DD HH24:MI:SS'), '0');
INSERT INTO "SYSTEM_MENU" ("ID", "NAME", "PERMISSION", "TYPE", "SORT", "PARENT_ID", "PATH", "ICON", "COMPONENT", "STATUS", "VISIBLE", "KEEP_ALIVE", "CREATOR", "CREATE_TIME", "UPDATER", "UPDATE_TIME", "DELETED") VALUES ('1040', '操作查询', 'system:operate-log:query', '3', '1', '500', NULL, NULL, NULL, '0', '1', '1', 'admin', TO_DATE('2021-01-05 17:03:48', 'SYYYY-MM-DD HH24:MI:SS'), NULL, TO_DATE('2022-04-20 17:03:10', 'SYYYY-MM-DD HH24:MI:SS'), '0');
INSERT INTO "SYSTEM_MENU" ("ID", "NAME", "PERMISSION", "TYPE", "SORT", "PARENT_ID", "PATH", "ICON", "COMPONENT", "STATUS", "VISIBLE", "KEEP_ALIVE", "CREATOR", "CREATE_TIME", "UPDATER", "UPDATE_TIME", "DELETED") VALUES ('1042', '日志导出', 'system:operate-log:export', '3', '2', '500', NULL, NULL, NULL, '0', '1', '1', 'admin', TO_DATE('2021-01-05 17:03:48', 'SYYYY-MM-DD HH24:MI:SS'), NULL, TO_DATE('2022-04-20 17:03:10', 'SYYYY-MM-DD HH24:MI:SS'), '0');
INSERT INTO "SYSTEM_MENU" ("ID", "NAME", "PERMISSION", "TYPE", "SORT", "PARENT_ID", "PATH", "ICON", "COMPONENT", "STATUS", "VISIBLE", "KEEP_ALIVE", "CREATOR", "CREATE_TIME", "UPDATER", "UPDATE_TIME", "DELETED") VALUES ('1043', '登录查询', 'system:login-log:query', '3', '1', '501', '#', '#', NULL, '0', '1', '1', 'admin', TO_DATE('2021-01-05 17:03:48', 'SYYYY-MM-DD HH24:MI:SS'), NULL, TO_DATE('2022-04-20 17:03:10', 'SYYYY-MM-DD HH24:MI:SS'), '0');
INSERT INTO "SYSTEM_MENU" ("ID", "NAME", "PERMISSION", "TYPE", "SORT", "PARENT_ID", "PATH", "ICON", "COMPONENT", "STATUS", "VISIBLE", "KEEP_ALIVE", "CREATOR", "CREATE_TIME", "UPDATER", "UPDATE_TIME", "DELETED") VALUES ('1045', '日志导出', 'system:login-log:export', '3', '3', '501', '#', '#', NULL, '0', '1', '1', 'admin', TO_DATE('2021-01-05 17:03:48', 'SYYYY-MM-DD HH24:MI:SS'), NULL, TO_DATE('2022-04-20 17:03:10', 'SYYYY-MM-DD HH24:MI:SS'), '0');
INSERT INTO "SYSTEM_MENU" ("ID", "NAME", "PERMISSION", "TYPE", "SORT", "PARENT_ID", "PATH", "ICON", "COMPONENT", "STATUS", "VISIBLE", "KEEP_ALIVE", "CREATOR", "CREATE_TIME", "UPDATER", "UPDATE_TIME", "DELETED") VALUES ('1046', '令牌列表', 'system:oauth2-token:page', '3', '1', '109', NULL, NULL, NULL, '0', '1', '1', 'admin', TO_DATE('2021-01-05 17:03:48', 'SYYYY-MM-DD HH24:MI:SS'), '1', TO_DATE('2022-05-09 23:54:42', 'SYYYY-MM-DD HH24:MI:SS'), '0');
INSERT INTO "SYSTEM_MENU" ("ID", "NAME", "PERMISSION", "TYPE", "SORT", "PARENT_ID", "PATH", "ICON", "COMPONENT", "STATUS", "VISIBLE", "KEEP_ALIVE", "CREATOR", "CREATE_TIME", "UPDATER", "UPDATE_TIME", "DELETED") VALUES ('1048', '令牌删除', 'system:oauth2-token:delete', '3', '2', '109', NULL, NULL, NULL, '0', '1', '1', 'admin', TO_DATE('2021-01-05 17:03:48', 'SYYYY-MM-DD HH24:MI:SS'), '1', TO_DATE('2022-05-09 23:54:53', 'SYYYY-MM-DD HH24:MI:SS'), '0');
INSERT INTO "SYSTEM_MENU" ("ID", "NAME", "PERMISSION", "TYPE", "SORT", "PARENT_ID", "PATH", "ICON", "COMPONENT", "STATUS", "VISIBLE", "KEEP_ALIVE", "CREATOR", "CREATE_TIME", "UPDATER", "UPDATE_TIME", "DELETED") VALUES ('1050', '任务新增', 'infra:job:create', '3', '2', '110', NULL, NULL, NULL, '0', '1', '1', 'admin', TO_DATE('2021-01-05 17:03:48', 'SYYYY-MM-DD HH24:MI:SS'), NULL, TO_DATE('2022-04-20 17:03:10', 'SYYYY-MM-DD HH24:MI:SS'), '0');
INSERT INTO "SYSTEM_MENU" ("ID", "NAME", "PERMISSION", "TYPE", "SORT", "PARENT_ID", "PATH", "ICON", "COMPONENT", "STATUS", "VISIBLE", "KEEP_ALIVE", "CREATOR", "CREATE_TIME", "UPDATER", "UPDATE_TIME", "DELETED") VALUES ('1051', '任务修改', 'infra:job:update', '3', '3', '110', NULL, NULL, NULL, '0', '1', '1', 'admin', TO_DATE('2021-01-05 17:03:48', 'SYYYY-MM-DD HH24:MI:SS'), NULL, TO_DATE('2022-04-20 17:03:10', 'SYYYY-MM-DD HH24:MI:SS'), '0');
INSERT INTO "SYSTEM_MENU" ("ID", "NAME", "PERMISSION", "TYPE", "SORT", "PARENT_ID", "PATH", "ICON", "COMPONENT", "STATUS", "VISIBLE", "KEEP_ALIVE", "CREATOR", "CREATE_TIME", "UPDATER", "UPDATE_TIME", "DELETED") VALUES ('1052', '任务删除', 'infra:job:delete', '3', '4', '110', NULL, NULL, NULL, '0', '1', '1', 'admin', TO_DATE('2021-01-05 17:03:48', 'SYYYY-MM-DD HH24:MI:SS'), NULL, TO_DATE('2022-04-20 17:03:10', 'SYYYY-MM-DD HH24:MI:SS'), '0');
INSERT INTO "SYSTEM_MENU" ("ID", "NAME", "PERMISSION", "TYPE", "SORT", "PARENT_ID", "PATH", "ICON", "COMPONENT", "STATUS", "VISIBLE", "KEEP_ALIVE", "CREATOR", "CREATE_TIME", "UPDATER", "UPDATE_TIME", "DELETED") VALUES ('1053', '状态修改', 'infra:job:update', '3', '5', '110', NULL, NULL, NULL, '0', '1', '1', 'admin', TO_DATE('2021-01-05 17:03:48', 'SYYYY-MM-DD HH24:MI:SS'), NULL, TO_DATE('2022-04-20 17:03:10', 'SYYYY-MM-DD HH24:MI:SS'), '0');
INSERT INTO "SYSTEM_MENU" ("ID", "NAME", "PERMISSION", "TYPE", "SORT", "PARENT_ID", "PATH", "ICON", "COMPONENT", "STATUS", "VISIBLE", "KEEP_ALIVE", "CREATOR", "CREATE_TIME", "UPDATER", "UPDATE_TIME", "DELETED") VALUES ('1054', '任务导出', 'infra:job:export', '3', '7', '110', NULL, NULL, NULL, '0', '1', '1', 'admin', TO_DATE('2021-01-05 17:03:48', 'SYYYY-MM-DD HH24:MI:SS'), NULL, TO_DATE('2022-04-20 17:03:10', 'SYYYY-MM-DD HH24:MI:SS'), '0');
INSERT INTO "SYSTEM_MENU" ("ID", "NAME", "PERMISSION", "TYPE", "SORT", "PARENT_ID", "PATH", "ICON", "COMPONENT", "STATUS", "VISIBLE", "KEEP_ALIVE", "CREATOR", "CREATE_TIME", "UPDATER", "UPDATE_TIME", "DELETED") VALUES ('1056', '生成修改', 'infra:codegen:update', '3', '2', '115', NULL, NULL, NULL, '0', '1', '1', 'admin', TO_DATE('2021-01-05 17:03:48', 'SYYYY-MM-DD HH24:MI:SS'), '1', TO_DATE('2022-04-20 17:03:10', 'SYYYY-MM-DD HH24:MI:SS'), '0');
INSERT INTO "SYSTEM_MENU" ("ID", "NAME", "PERMISSION", "TYPE", "SORT", "PARENT_ID", "PATH", "ICON", "COMPONENT", "STATUS", "VISIBLE", "KEEP_ALIVE", "CREATOR", "CREATE_TIME", "UPDATER", "UPDATE_TIME", "DELETED") VALUES ('1057', '生成删除', 'infra:codegen:delete', '3', '3', '115', NULL, NULL, NULL, '0', '1', '1', 'admin', TO_DATE('2021-01-05 17:03:48', 'SYYYY-MM-DD HH24:MI:SS'), '1', TO_DATE('2022-04-20 17:03:10', 'SYYYY-MM-DD HH24:MI:SS'), '0');
INSERT INTO "SYSTEM_MENU" ("ID", "NAME", "PERMISSION", "TYPE", "SORT", "PARENT_ID", "PATH", "ICON", "COMPONENT", "STATUS", "VISIBLE", "KEEP_ALIVE", "CREATOR", "CREATE_TIME", "UPDATER", "UPDATE_TIME", "DELETED") VALUES ('1058', '导入代码', 'infra:codegen:create', '3', '2', '115', NULL, NULL, NULL, '0', '1', '1', 'admin', TO_DATE('2021-01-05 17:03:48', 'SYYYY-MM-DD HH24:MI:SS'), '1', TO_DATE('2022-04-20 17:03:10', 'SYYYY-MM-DD HH24:MI:SS'), '0');
INSERT INTO "SYSTEM_MENU" ("ID", "NAME", "PERMISSION", "TYPE", "SORT", "PARENT_ID", "PATH", "ICON", "COMPONENT", "STATUS", "VISIBLE", "KEEP_ALIVE", "CREATOR", "CREATE_TIME", "UPDATER", "UPDATE_TIME", "DELETED") VALUES ('1059', '预览代码', 'infra:codegen:preview', '3', '4', '115', NULL, NULL, NULL, '0', '1', '1', 'admin', TO_DATE('2021-01-05 17:03:48', 'SYYYY-MM-DD HH24:MI:SS'), '1', TO_DATE('2022-04-20 17:03:10', 'SYYYY-MM-DD HH24:MI:SS'), '0');
INSERT INTO "SYSTEM_MENU" ("ID", "NAME", "PERMISSION", "TYPE", "SORT", "PARENT_ID", "PATH", "ICON", "COMPONENT", "STATUS", "VISIBLE", "KEEP_ALIVE", "CREATOR", "CREATE_TIME", "UPDATER", "UPDATE_TIME", "DELETED") VALUES ('1060', '生成代码', 'infra:codegen:download', '3', '5', '115', NULL, NULL, NULL, '0', '1', '1', 'admin', TO_DATE('2021-01-05 17:03:48', 'SYYYY-MM-DD HH24:MI:SS'), '1', TO_DATE('2022-04-20 17:03:10', 'SYYYY-MM-DD HH24:MI:SS'), '0');
INSERT INTO "SYSTEM_MENU" ("ID", "NAME", "PERMISSION", "TYPE", "SORT", "PARENT_ID", "PATH", "ICON", "COMPONENT", "STATUS", "VISIBLE", "KEEP_ALIVE", "CREATOR", "CREATE_TIME", "UPDATER", "UPDATE_TIME", "DELETED") VALUES ('1063', '设置角色菜单权限', 'system:permission:assign-role-menu', '3', '6', '101', NULL, NULL, NULL, '0', '1', '1', NULL, TO_DATE('2021-01-06 17:53:44', 'SYYYY-MM-DD HH24:MI:SS'), NULL, TO_DATE('2022-04-20 17:03:10', 'SYYYY-MM-DD HH24:MI:SS'), '0');
INSERT INTO "SYSTEM_MENU" ("ID", "NAME", "PERMISSION", "TYPE", "SORT", "PARENT_ID", "PATH", "ICON", "COMPONENT", "STATUS", "VISIBLE", "KEEP_ALIVE", "CREATOR", "CREATE_TIME", "UPDATER", "UPDATE_TIME", "DELETED") VALUES ('1064', '设置角色数据权限', 'system:permission:assign-role-data-scope', '3', '7', '101', NULL, NULL, NULL, '0', '1', '1', NULL, TO_DATE('2021-01-06 17:56:31', 'SYYYY-MM-DD HH24:MI:SS'), NULL, TO_DATE('2022-04-20 17:03:10', 'SYYYY-MM-DD HH24:MI:SS'), '0');
INSERT INTO "SYSTEM_MENU" ("ID", "NAME", "PERMISSION", "TYPE", "SORT", "PARENT_ID", "PATH", "ICON", "COMPONENT", "STATUS", "VISIBLE", "KEEP_ALIVE", "CREATOR", "CREATE_TIME", "UPDATER", "UPDATE_TIME", "DELETED") VALUES ('1065', '设置用户角色', 'system:permission:assign-user-role', '3', '8', '101', NULL, NULL, NULL, '0', '1', '1', NULL, TO_DATE('2021-01-07 10:23:28', 'SYYYY-MM-DD HH24:MI:SS'), NULL, TO_DATE('2022-04-20 17:03:10', 'SYYYY-MM-DD HH24:MI:SS'), '0');
INSERT INTO "SYSTEM_MENU" ("ID", "NAME", "PERMISSION", "TYPE", "SORT", "PARENT_ID", "PATH", "ICON", "COMPONENT", "STATUS", "VISIBLE", "KEEP_ALIVE", "CREATOR", "CREATE_TIME", "UPDATER", "UPDATE_TIME", "DELETED") VALUES ('1066', '获得 Redis 监控信息', 'infra:redis:get-monitor-info', '3', '1', '113', NULL, NULL, NULL, '0', '1', '1', NULL, TO_DATE('2021-01-26 01:02:31', 'SYYYY-MM-DD HH24:MI:SS'), NULL, TO_DATE('2022-04-20 17:03:10', 'SYYYY-MM-DD HH24:MI:SS'), '0');
INSERT INTO "SYSTEM_MENU" ("ID", "NAME", "PERMISSION", "TYPE", "SORT", "PARENT_ID", "PATH", "ICON", "COMPONENT", "STATUS", "VISIBLE", "KEEP_ALIVE", "CREATOR", "CREATE_TIME", "UPDATER", "UPDATE_TIME", "DELETED") VALUES ('1067', '获得 Redis Key 列表', 'infra:redis:get-key-list', '3', '2', '113', NULL, NULL, NULL, '0', '1', '1', NULL, TO_DATE('2021-01-26 01:02:52', 'SYYYY-MM-DD HH24:MI:SS'), NULL, TO_DATE('2022-04-20 17:03:10', 'SYYYY-MM-DD HH24:MI:SS'), '0');
INSERT INTO "SYSTEM_MENU" ("ID", "NAME", "PERMISSION", "TYPE", "SORT", "PARENT_ID", "PATH", "ICON", "COMPONENT", "STATUS", "VISIBLE", "KEEP_ALIVE", "CREATOR", "CREATE_TIME", "UPDATER", "UPDATE_TIME", "DELETED") VALUES ('1070', '代码生成示例', 'infra:test-demo:query', '2', '1', '2', 'test-demo', 'validCode', 'infra/testDemo/index', '0', '1', '1', NULL, TO_DATE('2021-02-06 12:42:49', 'SYYYY-MM-DD HH24:MI:SS'), '1', TO_DATE('2022-04-20 17:03:10', 'SYYYY-MM-DD HH24:MI:SS'), '0');
INSERT INTO "SYSTEM_MENU" ("ID", "NAME", "PERMISSION", "TYPE", "SORT", "PARENT_ID", "PATH", "ICON", "COMPONENT", "STATUS", "VISIBLE", "KEEP_ALIVE", "CREATOR", "CREATE_TIME", "UPDATER", "UPDATE_TIME", "DELETED") VALUES ('1071', '测试示例表创建', 'infra:test-demo:create', '3', '1', '1070', NULL, NULL, NULL, '0', '1', '1', NULL, TO_DATE('2021-02-06 12:42:49', 'SYYYY-MM-DD HH24:MI:SS'), '1', TO_DATE('2022-04-20 17:03:10', 'SYYYY-MM-DD HH24:MI:SS'), '0');
INSERT INTO "SYSTEM_MENU" ("ID", "NAME", "PERMISSION", "TYPE", "SORT", "PARENT_ID", "PATH", "ICON", "COMPONENT", "STATUS", "VISIBLE", "KEEP_ALIVE", "CREATOR", "CREATE_TIME", "UPDATER", "UPDATE_TIME", "DELETED") VALUES ('1072', '测试示例表更新', 'infra:test-demo:update', '3', '2', '1070', NULL, NULL, NULL, '0', '1', '1', NULL, TO_DATE('2021-02-06 12:42:49', 'SYYYY-MM-DD HH24:MI:SS'), '1', TO_DATE('2022-04-20 17:03:10', 'SYYYY-MM-DD HH24:MI:SS'), '0');
INSERT INTO "SYSTEM_MENU" ("ID", "NAME", "PERMISSION", "TYPE", "SORT", "PARENT_ID", "PATH", "ICON", "COMPONENT", "STATUS", "VISIBLE", "KEEP_ALIVE", "CREATOR", "CREATE_TIME", "UPDATER", "UPDATE_TIME", "DELETED") VALUES ('1073', '测试示例表删除', 'infra:test-demo:delete', '3', '3', '1070', NULL, NULL, NULL, '0', '1', '1', NULL, TO_DATE('2021-02-06 12:42:49', 'SYYYY-MM-DD HH24:MI:SS'), '1', TO_DATE('2022-04-20 17:03:10', 'SYYYY-MM-DD HH24:MI:SS'), '0');
INSERT INTO "SYSTEM_MENU" ("ID", "NAME", "PERMISSION", "TYPE", "SORT", "PARENT_ID", "PATH", "ICON", "COMPONENT", "STATUS", "VISIBLE", "KEEP_ALIVE", "CREATOR", "CREATE_TIME", "UPDATER", "UPDATE_TIME", "DELETED") VALUES ('1074', '测试示例表导出', 'infra:test-demo:export', '3', '4', '1070', NULL, NULL, NULL, '0', '1', '1', NULL, TO_DATE('2021-02-06 12:42:49', 'SYYYY-MM-DD HH24:MI:SS'), '1', TO_DATE('2022-04-20 17:03:10', 'SYYYY-MM-DD HH24:MI:SS'), '0');
INSERT INTO "SYSTEM_MENU" ("ID", "NAME", "PERMISSION", "TYPE", "SORT", "PARENT_ID", "PATH", "ICON", "COMPONENT", "STATUS", "VISIBLE", "KEEP_ALIVE", "CREATOR", "CREATE_TIME", "UPDATER", "UPDATE_TIME", "DELETED") VALUES ('1075', '任务触发', 'infra:job:trigger', '3', '8', '110', NULL, NULL, NULL, '0', '1', '1', NULL, TO_DATE('2021-02-07 13:03:10', 'SYYYY-MM-DD HH24:MI:SS'), NULL, TO_DATE('2022-04-20 17:03:10', 'SYYYY-MM-DD HH24:MI:SS'), '0');
INSERT INTO "SYSTEM_MENU" ("ID", "NAME", "PERMISSION", "TYPE", "SORT", "PARENT_ID", "PATH", "ICON", "COMPONENT", "STATUS", "VISIBLE", "KEEP_ALIVE", "CREATOR", "CREATE_TIME", "UPDATER", "UPDATE_TIME", "DELETED") VALUES ('1076', '数据库文档', NULL, '2', '4', '2', 'db-doc', 'table', 'infra/dbDoc/index', '0', '1', '1', NULL, TO_DATE('2021-02-08 01:41:47', 'SYYYY-MM-DD HH24:MI:SS'), '1', TO_DATE('2022-04-20 17:03:10', 'SYYYY-MM-DD HH24:MI:SS'), '0');
INSERT INTO "SYSTEM_MENU" ("ID", "NAME", "PERMISSION", "TYPE", "SORT", "PARENT_ID", "PATH", "ICON", "COMPONENT", "STATUS", "VISIBLE", "KEEP_ALIVE", "CREATOR", "CREATE_TIME", "UPDATER", "UPDATE_TIME", "DELETED") VALUES ('1077', '监控平台', NULL, '2', '13', '2', 'skywalking', 'eye-open', 'infra/skywalking/index', '0', '1', '1', NULL, TO_DATE('2021-02-08 20:41:31', 'SYYYY-MM-DD HH24:MI:SS'), '1', TO_DATE('2022-04-20 17:03:10', 'SYYYY-MM-DD HH24:MI:SS'), '0');
INSERT INTO "SYSTEM_MENU" ("ID", "NAME", "PERMISSION", "TYPE", "SORT", "PARENT_ID", "PATH", "ICON", "COMPONENT", "STATUS", "VISIBLE", "KEEP_ALIVE", "CREATOR", "CREATE_TIME", "UPDATER", "UPDATE_TIME", "DELETED") VALUES ('1078', '访问日志', NULL, '2', '1', '1083', 'api-access-log', 'log', 'infra/apiAccessLog/index', '0', '1', '1', NULL, TO_DATE('2021-02-26 01:32:59', 'SYYYY-MM-DD HH24:MI:SS'), '1', TO_DATE('2022-04-20 17:03:10', 'SYYYY-MM-DD HH24:MI:SS'), '0');
INSERT INTO "SYSTEM_MENU" ("ID", "NAME", "PERMISSION", "TYPE", "SORT", "PARENT_ID", "PATH", "ICON", "COMPONENT", "STATUS", "VISIBLE", "KEEP_ALIVE", "CREATOR", "CREATE_TIME", "UPDATER", "UPDATE_TIME", "DELETED") VALUES ('1082', '日志导出', 'infra:api-access-log:export', '3', '2', '1078', NULL, NULL, NULL, '0', '1', '1', NULL, TO_DATE('2021-02-26 01:32:59', 'SYYYY-MM-DD HH24:MI:SS'), '1', TO_DATE('2022-04-20 17:03:10', 'SYYYY-MM-DD HH24:MI:SS'), '0');
INSERT INTO "SYSTEM_MENU" ("ID", "NAME", "PERMISSION", "TYPE", "SORT", "PARENT_ID", "PATH", "ICON", "COMPONENT", "STATUS", "VISIBLE", "KEEP_ALIVE", "CREATOR", "CREATE_TIME", "UPDATER", "UPDATE_TIME", "DELETED") VALUES ('1083', 'API 日志', NULL, '2', '8', '2', 'log', 'log', NULL, '0', '1', '1', NULL, TO_DATE('2021-02-26 02:18:24', 'SYYYY-MM-DD HH24:MI:SS'), '1', TO_DATE('2022-05-12 18:11:34', 'SYYYY-MM-DD HH24:MI:SS'), '0');
INSERT INTO "SYSTEM_MENU" ("ID", "NAME", "PERMISSION", "TYPE", "SORT", "PARENT_ID", "PATH", "ICON", "COMPONENT", "STATUS", "VISIBLE", "KEEP_ALIVE", "CREATOR", "CREATE_TIME", "UPDATER", "UPDATE_TIME", "DELETED") VALUES ('1084', '错误日志', 'infra:api-error-log:query', '2', '2', '1083', 'api-error-log', 'log', 'infra/apiErrorLog/index', '0', '1', '1', NULL, TO_DATE('2021-02-26 07:53:20', 'SYYYY-MM-DD HH24:MI:SS'), NULL, TO_DATE('2022-04-20 17:03:10', 'SYYYY-MM-DD HH24:MI:SS'), '0');
INSERT INTO "SYSTEM_MENU" ("ID", "NAME", "PERMISSION", "TYPE", "SORT", "PARENT_ID", "PATH", "ICON", "COMPONENT", "STATUS", "VISIBLE", "KEEP_ALIVE", "CREATOR", "CREATE_TIME", "UPDATER", "UPDATE_TIME", "DELETED") VALUES ('1085', '日志处理', 'infra:api-error-log:update-status', '3', '2', '1084', NULL, NULL, NULL, '0', '1', '1', NULL, TO_DATE('2021-02-26 07:53:20', 'SYYYY-MM-DD HH24:MI:SS'), '1', TO_DATE('2022-04-20 17:03:10', 'SYYYY-MM-DD HH24:MI:SS'), '0');
INSERT INTO "SYSTEM_MENU" ("ID", "NAME", "PERMISSION", "TYPE", "SORT", "PARENT_ID", "PATH", "ICON", "COMPONENT", "STATUS", "VISIBLE", "KEEP_ALIVE", "CREATOR", "CREATE_TIME", "UPDATER", "UPDATE_TIME", "DELETED") VALUES ('1086', '日志导出', 'infra:api-error-log:export', '3', '3', '1084', NULL, NULL, NULL, '0', '1', '1', NULL, TO_DATE('2021-02-26 07:53:20', 'SYYYY-MM-DD HH24:MI:SS'), '1', TO_DATE('2022-04-20 17:03:10', 'SYYYY-MM-DD HH24:MI:SS'), '0');
INSERT INTO "SYSTEM_MENU" ("ID", "NAME", "PERMISSION", "TYPE", "SORT", "PARENT_ID", "PATH", "ICON", "COMPONENT", "STATUS", "VISIBLE", "KEEP_ALIVE", "CREATOR", "CREATE_TIME", "UPDATER", "UPDATE_TIME", "DELETED") VALUES ('1087', '任务查询', 'infra:job:query', '3', '1', '110', NULL, NULL, NULL, '0', '1', '1', '1', TO_DATE('2021-03-10 01:26:19', 'SYYYY-MM-DD HH24:MI:SS'), '1', TO_DATE('2022-04-20 17:03:10', 'SYYYY-MM-DD HH24:MI:SS'), '0');
INSERT INTO "SYSTEM_MENU" ("ID", "NAME", "PERMISSION", "TYPE", "SORT", "PARENT_ID", "PATH", "ICON", "COMPONENT", "STATUS", "VISIBLE", "KEEP_ALIVE", "CREATOR", "CREATE_TIME", "UPDATER", "UPDATE_TIME", "DELETED") VALUES ('1088', '日志查询', 'infra:api-access-log:query', '3', '1', '1078', NULL, NULL, NULL, '0', '1', '1', '1', TO_DATE('2021-03-10 01:28:04', 'SYYYY-MM-DD HH24:MI:SS'), '1', TO_DATE('2022-04-20 17:03:10', 'SYYYY-MM-DD HH24:MI:SS'), '0');
INSERT INTO "SYSTEM_MENU" ("ID", "NAME", "PERMISSION", "TYPE", "SORT", "PARENT_ID", "PATH", "ICON", "COMPONENT", "STATUS", "VISIBLE", "KEEP_ALIVE", "CREATOR", "CREATE_TIME", "UPDATER", "UPDATE_TIME", "DELETED") VALUES ('1089', '日志查询', 'infra:api-error-log:query', '3', '1', '1084', NULL, NULL, NULL, '0', '1', '1', '1', TO_DATE('2021-03-10 01:29:09', 'SYYYY-MM-DD HH24:MI:SS'), '1', TO_DATE('2022-04-20 17:03:10', 'SYYYY-MM-DD HH24:MI:SS'), '0');
INSERT INTO "SYSTEM_MENU" ("ID", "NAME", "PERMISSION", "TYPE", "SORT", "PARENT_ID", "PATH", "ICON", "COMPONENT", "STATUS", "VISIBLE", "KEEP_ALIVE", "CREATOR", "CREATE_TIME", "UPDATER", "UPDATE_TIME", "DELETED") VALUES ('1090', '文件列表', NULL, '2', '5', '1243', 'file', 'upload', 'infra/file/index', '0', '1', '1', NULL, TO_DATE('2021-03-12 20:16:20', 'SYYYY-MM-DD HH24:MI:SS'), '1', TO_DATE('2022-04-20 17:03:10', 'SYYYY-MM-DD HH24:MI:SS'), '0');
INSERT INTO "SYSTEM_MENU" ("ID", "NAME", "PERMISSION", "TYPE", "SORT", "PARENT_ID", "PATH", "ICON", "COMPONENT", "STATUS", "VISIBLE", "KEEP_ALIVE", "CREATOR", "CREATE_TIME", "UPDATER", "UPDATE_TIME", "DELETED") VALUES ('1091', '文件查询', 'infra:file:query', '3', '1', '1090', NULL, NULL, NULL, '0', '1', '1', NULL, TO_DATE('2021-03-12 20:16:20', 'SYYYY-MM-DD HH24:MI:SS'), NULL, TO_DATE('2022-04-20 17:03:10', 'SYYYY-MM-DD HH24:MI:SS'), '0');
INSERT INTO "SYSTEM_MENU" ("ID", "NAME", "PERMISSION", "TYPE", "SORT", "PARENT_ID", "PATH", "ICON", "COMPONENT", "STATUS", "VISIBLE", "KEEP_ALIVE", "CREATOR", "CREATE_TIME", "UPDATER", "UPDATE_TIME", "DELETED") VALUES ('1092', '文件删除', 'infra:file:delete', '3', '4', '1090', NULL, NULL, NULL, '0', '1', '1', NULL, TO_DATE('2021-03-12 20:16:20', 'SYYYY-MM-DD HH24:MI:SS'), NULL, TO_DATE('2022-04-20 17:03:10', 'SYYYY-MM-DD HH24:MI:SS'), '0');
INSERT INTO "SYSTEM_MENU" ("ID", "NAME", "PERMISSION", "TYPE", "SORT", "PARENT_ID", "PATH", "ICON", "COMPONENT", "STATUS", "VISIBLE", "KEEP_ALIVE", "CREATOR", "CREATE_TIME", "UPDATER", "UPDATE_TIME", "DELETED") VALUES ('1093', '短信管理', NULL, '1', '11', '1', 'sms', 'validCode', NULL, '0', '1', '1', '1', TO_DATE('2021-04-05 01:10:16', 'SYYYY-MM-DD HH24:MI:SS'), '1', TO_DATE('2022-05-12 18:11:34', 'SYYYY-MM-DD HH24:MI:SS'), '0');
INSERT INTO "SYSTEM_MENU" ("ID", "NAME", "PERMISSION", "TYPE", "SORT", "PARENT_ID", "PATH", "ICON", "COMPONENT", "STATUS", "VISIBLE", "KEEP_ALIVE", "CREATOR", "CREATE_TIME", "UPDATER", "UPDATE_TIME", "DELETED") VALUES ('1094', '短信渠道', NULL, '2', '0', '1093', 'sms-channel', 'phone', 'system/sms/smsChannel', '0', '1', '1', NULL, TO_DATE('2021-04-01 11:07:15', 'SYYYY-MM-DD HH24:MI:SS'), '1', TO_DATE('2022-04-20 17:03:10', 'SYYYY-MM-DD HH24:MI:SS'), '0');
INSERT INTO "SYSTEM_MENU" ("ID", "NAME", "PERMISSION", "TYPE", "SORT", "PARENT_ID", "PATH", "ICON", "COMPONENT", "STATUS", "VISIBLE", "KEEP_ALIVE", "CREATOR", "CREATE_TIME", "UPDATER", "UPDATE_TIME", "DELETED") VALUES ('1095', '短信渠道查询', 'system:sms-channel:query', '3', '1', '1094', NULL, NULL, NULL, '0', '1', '1', NULL, TO_DATE('2021-04-01 11:07:15', 'SYYYY-MM-DD HH24:MI:SS'), NULL, TO_DATE('2022-04-20 17:03:10', 'SYYYY-MM-DD HH24:MI:SS'), '0');
INSERT INTO "SYSTEM_MENU" ("ID", "NAME", "PERMISSION", "TYPE", "SORT", "PARENT_ID", "PATH", "ICON", "COMPONENT", "STATUS", "VISIBLE", "KEEP_ALIVE", "CREATOR", "CREATE_TIME", "UPDATER", "UPDATE_TIME", "DELETED") VALUES ('1096', '短信渠道创建', 'system:sms-channel:create', '3', '2', '1094', NULL, NULL, NULL, '0', '1', '1', NULL, TO_DATE('2021-04-01 11:07:15', 'SYYYY-MM-DD HH24:MI:SS'), NULL, TO_DATE('2022-04-20 17:03:10', 'SYYYY-MM-DD HH24:MI:SS'), '0');
INSERT INTO "SYSTEM_MENU" ("ID", "NAME", "PERMISSION", "TYPE", "SORT", "PARENT_ID", "PATH", "ICON", "COMPONENT", "STATUS", "VISIBLE", "KEEP_ALIVE", "CREATOR", "CREATE_TIME", "UPDATER", "UPDATE_TIME", "DELETED") VALUES ('1097', '短信渠道更新', 'system:sms-channel:update', '3', '3', '1094', NULL, NULL, NULL, '0', '1', '1', NULL, TO_DATE('2021-04-01 11:07:15', 'SYYYY-MM-DD HH24:MI:SS'), NULL, TO_DATE('2022-04-20 17:03:10', 'SYYYY-MM-DD HH24:MI:SS'), '0');
INSERT INTO "SYSTEM_MENU" ("ID", "NAME", "PERMISSION", "TYPE", "SORT", "PARENT_ID", "PATH", "ICON", "COMPONENT", "STATUS", "VISIBLE", "KEEP_ALIVE", "CREATOR", "CREATE_TIME", "UPDATER", "UPDATE_TIME", "DELETED") VALUES ('1098', '短信渠道删除', 'system:sms-channel:delete', '3', '4', '1094', NULL, NULL, NULL, '0', '1', '1', NULL, TO_DATE('2021-04-01 11:07:15', 'SYYYY-MM-DD HH24:MI:SS'), NULL, TO_DATE('2022-04-20 17:03:10', 'SYYYY-MM-DD HH24:MI:SS'), '0');
INSERT INTO "SYSTEM_MENU" ("ID", "NAME", "PERMISSION", "TYPE", "SORT", "PARENT_ID", "PATH", "ICON", "COMPONENT", "STATUS", "VISIBLE", "KEEP_ALIVE", "CREATOR", "CREATE_TIME", "UPDATER", "UPDATE_TIME", "DELETED") VALUES ('1100', '短信模板', NULL, '2', '1', '1093', 'sms-template', 'phone', 'system/sms/smsTemplate', '0', '1', '1', NULL, TO_DATE('2021-04-01 17:35:17', 'SYYYY-MM-DD HH24:MI:SS'), '1', TO_DATE('2022-04-20 17:03:10', 'SYYYY-MM-DD HH24:MI:SS'), '0');
INSERT INTO "SYSTEM_MENU" ("ID", "NAME", "PERMISSION", "TYPE", "SORT", "PARENT_ID", "PATH", "ICON", "COMPONENT", "STATUS", "VISIBLE", "KEEP_ALIVE", "CREATOR", "CREATE_TIME", "UPDATER", "UPDATE_TIME", "DELETED") VALUES ('1101', '短信模板查询', 'system:sms-template:query', '3', '1', '1100', NULL, NULL, NULL, '0', '1', '1', NULL, TO_DATE('2021-04-01 17:35:17', 'SYYYY-MM-DD HH24:MI:SS'), NULL, TO_DATE('2022-04-20 17:03:10', 'SYYYY-MM-DD HH24:MI:SS'), '0');
INSERT INTO "SYSTEM_MENU" ("ID", "NAME", "PERMISSION", "TYPE", "SORT", "PARENT_ID", "PATH", "ICON", "COMPONENT", "STATUS", "VISIBLE", "KEEP_ALIVE", "CREATOR", "CREATE_TIME", "UPDATER", "UPDATE_TIME", "DELETED") VALUES ('1102', '短信模板创建', 'system:sms-template:create', '3', '2', '1100', NULL, NULL, NULL, '0', '1', '1', NULL, TO_DATE('2021-04-01 17:35:17', 'SYYYY-MM-DD HH24:MI:SS'), NULL, TO_DATE('2022-04-20 17:03:10', 'SYYYY-MM-DD HH24:MI:SS'), '0');
INSERT INTO "SYSTEM_MENU" ("ID", "NAME", "PERMISSION", "TYPE", "SORT", "PARENT_ID", "PATH", "ICON", "COMPONENT", "STATUS", "VISIBLE", "KEEP_ALIVE", "CREATOR", "CREATE_TIME", "UPDATER", "UPDATE_TIME", "DELETED") VALUES ('1103', '短信模板更新', 'system:sms-template:update', '3', '3', '1100', NULL, NULL, NULL, '0', '1', '1', NULL, TO_DATE('2021-04-01 17:35:17', 'SYYYY-MM-DD HH24:MI:SS'), NULL, TO_DATE('2022-04-20 17:03:10', 'SYYYY-MM-DD HH24:MI:SS'), '0');
INSERT INTO "SYSTEM_MENU" ("ID", "NAME", "PERMISSION", "TYPE", "SORT", "PARENT_ID", "PATH", "ICON", "COMPONENT", "STATUS", "VISIBLE", "KEEP_ALIVE", "CREATOR", "CREATE_TIME", "UPDATER", "UPDATE_TIME", "DELETED") VALUES ('1104', '短信模板删除', 'system:sms-template:delete', '3', '4', '1100', NULL, NULL, NULL, '0', '1', '1', NULL, TO_DATE('2021-04-01 17:35:17', 'SYYYY-MM-DD HH24:MI:SS'), NULL, TO_DATE('2022-04-20 17:03:10', 'SYYYY-MM-DD HH24:MI:SS'), '0');
INSERT INTO "SYSTEM_MENU" ("ID", "NAME", "PERMISSION", "TYPE", "SORT", "PARENT_ID", "PATH", "ICON", "COMPONENT", "STATUS", "VISIBLE", "KEEP_ALIVE", "CREATOR", "CREATE_TIME", "UPDATER", "UPDATE_TIME", "DELETED") VALUES ('1105', '短信模板导出', 'system:sms-template:export', '3', '5', '1100', NULL, NULL, NULL, '0', '1', '1', NULL, TO_DATE('2021-04-01 17:35:17', 'SYYYY-MM-DD HH24:MI:SS'), NULL, TO_DATE('2022-04-20 17:03:10', 'SYYYY-MM-DD HH24:MI:SS'), '0');
INSERT INTO "SYSTEM_MENU" ("ID", "NAME", "PERMISSION", "TYPE", "SORT", "PARENT_ID", "PATH", "ICON", "COMPONENT", "STATUS", "VISIBLE", "KEEP_ALIVE", "CREATOR", "CREATE_TIME", "UPDATER", "UPDATE_TIME", "DELETED") VALUES ('1106', '发送测试短信', 'system:sms-template:send-sms', '3', '6', '1100', NULL, NULL, NULL, '0', '1', '1', '1', TO_DATE('2021-04-11 00:26:40', 'SYYYY-MM-DD HH24:MI:SS'), '1', TO_DATE('2022-04-20 17:03:10', 'SYYYY-MM-DD HH24:MI:SS'), '0');
INSERT INTO "SYSTEM_MENU" ("ID", "NAME", "PERMISSION", "TYPE", "SORT", "PARENT_ID", "PATH", "ICON", "COMPONENT", "STATUS", "VISIBLE", "KEEP_ALIVE", "CREATOR", "CREATE_TIME", "UPDATER", "UPDATE_TIME", "DELETED") VALUES ('1107', '短信日志', NULL, '2', '2', '1093', 'sms-log', 'phone', 'system/sms/smsLog', '0', '1', '1', NULL, TO_DATE('2021-04-11 08:37:05', 'SYYYY-MM-DD HH24:MI:SS'), '1', TO_DATE('2022-04-20 17:03:10', 'SYYYY-MM-DD HH24:MI:SS'), '0');
INSERT INTO "SYSTEM_MENU" ("ID", "NAME", "PERMISSION", "TYPE", "SORT", "PARENT_ID", "PATH", "ICON", "COMPONENT", "STATUS", "VISIBLE", "KEEP_ALIVE", "CREATOR", "CREATE_TIME", "UPDATER", "UPDATE_TIME", "DELETED") VALUES ('1108', '短信日志查询', 'system:sms-log:query', '3', '1', '1107', NULL, NULL, NULL, '0', '1', '1', NULL, TO_DATE('2021-04-11 08:37:05', 'SYYYY-MM-DD HH24:MI:SS'), NULL, TO_DATE('2022-04-20 17:03:10', 'SYYYY-MM-DD HH24:MI:SS'), '0');
INSERT INTO "SYSTEM_MENU" ("ID", "NAME", "PERMISSION", "TYPE", "SORT", "PARENT_ID", "PATH", "ICON", "COMPONENT", "STATUS", "VISIBLE", "KEEP_ALIVE", "CREATOR", "CREATE_TIME", "UPDATER", "UPDATE_TIME", "DELETED") VALUES ('1109', '短信日志导出', 'system:sms-log:export', '3', '5', '1107', NULL, NULL, NULL, '0', '1', '1', NULL, TO_DATE('2021-04-11 08:37:05', 'SYYYY-MM-DD HH24:MI:SS'), NULL, TO_DATE('2022-04-20 17:03:10', 'SYYYY-MM-DD HH24:MI:SS'), '0');
INSERT INTO "SYSTEM_MENU" ("ID", "NAME", "PERMISSION", "TYPE", "SORT", "PARENT_ID", "PATH", "ICON", "COMPONENT", "STATUS", "VISIBLE", "KEEP_ALIVE", "CREATOR", "CREATE_TIME", "UPDATER", "UPDATE_TIME", "DELETED") VALUES ('1110', '错误码管理', NULL, '2', '12', '1', 'error-code', 'code', 'system/errorCode/index', '0', '1', '1', NULL, TO_DATE('2021-04-13 21:46:42', 'SYYYY-MM-DD HH24:MI:SS'), '1', TO_DATE('2022-04-20 17:03:10', 'SYYYY-MM-DD HH24:MI:SS'), '0');
INSERT INTO "SYSTEM_MENU" ("ID", "NAME", "PERMISSION", "TYPE", "SORT", "PARENT_ID", "PATH", "ICON", "COMPONENT", "STATUS", "VISIBLE", "KEEP_ALIVE", "CREATOR", "CREATE_TIME", "UPDATER", "UPDATE_TIME", "DELETED") VALUES ('1111', '错误码查询', 'system:error-code:query', '3', '1', '1110', NULL, NULL, NULL, '0', '1', '1', NULL, TO_DATE('2021-04-13 21:46:42', 'SYYYY-MM-DD HH24:MI:SS'), NULL, TO_DATE('2022-04-20 17:03:10', 'SYYYY-MM-DD HH24:MI:SS'), '0');
INSERT INTO "SYSTEM_MENU" ("ID", "NAME", "PERMISSION", "TYPE", "SORT", "PARENT_ID", "PATH", "ICON", "COMPONENT", "STATUS", "VISIBLE", "KEEP_ALIVE", "CREATOR", "CREATE_TIME", "UPDATER", "UPDATE_TIME", "DELETED") VALUES ('1112', '错误码创建', 'system:error-code:create', '3', '2', '1110', NULL, NULL, NULL, '0', '1', '1', NULL, TO_DATE('2021-04-13 21:46:42', 'SYYYY-MM-DD HH24:MI:SS'), NULL, TO_DATE('2022-04-20 17:03:10', 'SYYYY-MM-DD HH24:MI:SS'), '0');
INSERT INTO "SYSTEM_MENU" ("ID", "NAME", "PERMISSION", "TYPE", "SORT", "PARENT_ID", "PATH", "ICON", "COMPONENT", "STATUS", "VISIBLE", "KEEP_ALIVE", "CREATOR", "CREATE_TIME", "UPDATER", "UPDATE_TIME", "DELETED") VALUES ('1113', '错误码更新', 'system:error-code:update', '3', '3', '1110', NULL, NULL, NULL, '0', '1', '1', NULL, TO_DATE('2021-04-13 21:46:42', 'SYYYY-MM-DD HH24:MI:SS'), NULL, TO_DATE('2022-04-20 17:03:10', 'SYYYY-MM-DD HH24:MI:SS'), '0');
INSERT INTO "SYSTEM_MENU" ("ID", "NAME", "PERMISSION", "TYPE", "SORT", "PARENT_ID", "PATH", "ICON", "COMPONENT", "STATUS", "VISIBLE", "KEEP_ALIVE", "CREATOR", "CREATE_TIME", "UPDATER", "UPDATE_TIME", "DELETED") VALUES ('1114', '错误码删除', 'system:error-code:delete', '3', '4', '1110', NULL, NULL, NULL, '0', '1', '1', NULL, TO_DATE('2021-04-13 21:46:42', 'SYYYY-MM-DD HH24:MI:SS'), NULL, TO_DATE('2022-04-20 17:03:10', 'SYYYY-MM-DD HH24:MI:SS'), '0');
INSERT INTO "SYSTEM_MENU" ("ID", "NAME", "PERMISSION", "TYPE", "SORT", "PARENT_ID", "PATH", "ICON", "COMPONENT", "STATUS", "VISIBLE", "KEEP_ALIVE", "CREATOR", "CREATE_TIME", "UPDATER", "UPDATE_TIME", "DELETED") VALUES ('1115', '错误码导出', 'system:error-code:export', '3', '5', '1110', NULL, NULL, NULL, '0', '1', '1', NULL, TO_DATE('2021-04-13 21:46:42', 'SYYYY-MM-DD HH24:MI:SS'), NULL, TO_DATE('2022-04-20 17:03:10', 'SYYYY-MM-DD HH24:MI:SS'), '0');
INSERT INTO "SYSTEM_MENU" ("ID", "NAME", "PERMISSION", "TYPE", "SORT", "PARENT_ID", "PATH", "ICON", "COMPONENT", "STATUS", "VISIBLE", "KEEP_ALIVE", "CREATOR", "CREATE_TIME", "UPDATER", "UPDATE_TIME", "DELETED") VALUES ('1117', '支付管理', NULL, '1', '11', '0', '/pay', 'money', NULL, '0', '1', '1', '1', TO_DATE('2021-12-25 16:43:41', 'SYYYY-MM-DD HH24:MI:SS'), '1', TO_DATE('2022-05-12 18:11:34', 'SYYYY-MM-DD HH24:MI:SS'), '0');
INSERT INTO "SYSTEM_MENU" ("ID", "NAME", "PERMISSION", "TYPE", "SORT", "PARENT_ID", "PATH", "ICON", "COMPONENT", "STATUS", "VISIBLE", "KEEP_ALIVE", "CREATOR", "CREATE_TIME", "UPDATER", "UPDATE_TIME", "DELETED") VALUES ('1118', '请假查询', NULL, '2', '0', '5', 'leave', 'user', 'bpm/oa/leave/index', '0', '1', '1', NULL, TO_DATE('2021-09-20 08:51:03', 'SYYYY-MM-DD HH24:MI:SS'), '1', TO_DATE('2022-04-20 17:03:10', 'SYYYY-MM-DD HH24:MI:SS'), '0');
INSERT INTO "SYSTEM_MENU" ("ID", "NAME", "PERMISSION", "TYPE", "SORT", "PARENT_ID", "PATH", "ICON", "COMPONENT", "STATUS", "VISIBLE", "KEEP_ALIVE", "CREATOR", "CREATE_TIME", "UPDATER", "UPDATE_TIME", "DELETED") VALUES ('1119', '请假申请查询', 'bpm:oa-leave:query', '3', '1', '1118', NULL, NULL, NULL, '0', '1', '1', NULL, TO_DATE('2021-09-20 08:51:03', 'SYYYY-MM-DD HH24:MI:SS'), '1', TO_DATE('2022-04-20 17:03:10', 'SYYYY-MM-DD HH24:MI:SS'), '0');
INSERT INTO "SYSTEM_MENU" ("ID", "NAME", "PERMISSION", "TYPE", "SORT", "PARENT_ID", "PATH", "ICON", "COMPONENT", "STATUS", "VISIBLE", "KEEP_ALIVE", "CREATOR", "CREATE_TIME", "UPDATER", "UPDATE_TIME", "DELETED") VALUES ('1120', '请假申请创建', 'bpm:oa-leave:create', '3', '2', '1118', NULL, NULL, NULL, '0', '1', '1', NULL, TO_DATE('2021-09-20 08:51:03', 'SYYYY-MM-DD HH24:MI:SS'), '1', TO_DATE('2022-04-20 17:03:10', 'SYYYY-MM-DD HH24:MI:SS'), '0');
INSERT INTO "SYSTEM_MENU" ("ID", "NAME", "PERMISSION", "TYPE", "SORT", "PARENT_ID", "PATH", "ICON", "COMPONENT", "STATUS", "VISIBLE", "KEEP_ALIVE", "CREATOR", "CREATE_TIME", "UPDATER", "UPDATE_TIME", "DELETED") VALUES ('1126', '应用信息', NULL, '2', '1', '1117', 'app', 'table', 'pay/app/index', '0', '1', '1', NULL, TO_DATE('2021-11-10 01:13:30', 'SYYYY-MM-DD HH24:MI:SS'), '1', TO_DATE('2022-04-20 17:03:10', 'SYYYY-MM-DD HH24:MI:SS'), '0');
INSERT INTO "SYSTEM_MENU" ("ID", "NAME", "PERMISSION", "TYPE", "SORT", "PARENT_ID", "PATH", "ICON", "COMPONENT", "STATUS", "VISIBLE", "KEEP_ALIVE", "CREATOR", "CREATE_TIME", "UPDATER", "UPDATE_TIME", "DELETED") VALUES ('1127', '支付应用信息查询', 'pay:app:query', '3', '1', '1126', NULL, NULL, NULL, '0', '1', '1', NULL, TO_DATE('2021-11-10 01:13:31', 'SYYYY-MM-DD HH24:MI:SS'), NULL, TO_DATE('2022-04-20 17:03:10', 'SYYYY-MM-DD HH24:MI:SS'), '0');
INSERT INTO "SYSTEM_MENU" ("ID", "NAME", "PERMISSION", "TYPE", "SORT", "PARENT_ID", "PATH", "ICON", "COMPONENT", "STATUS", "VISIBLE", "KEEP_ALIVE", "CREATOR", "CREATE_TIME", "UPDATER", "UPDATE_TIME", "DELETED") VALUES ('1128', '支付应用信息创建', 'pay:app:create', '3', '2', '1126', NULL, NULL, NULL, '0', '1', '1', NULL, TO_DATE('2021-11-10 01:13:31', 'SYYYY-MM-DD HH24:MI:SS'), NULL, TO_DATE('2022-04-20 17:03:10', 'SYYYY-MM-DD HH24:MI:SS'), '0');
INSERT INTO "SYSTEM_MENU" ("ID", "NAME", "PERMISSION", "TYPE", "SORT", "PARENT_ID", "PATH", "ICON", "COMPONENT", "STATUS", "VISIBLE", "KEEP_ALIVE", "CREATOR", "CREATE_TIME", "UPDATER", "UPDATE_TIME", "DELETED") VALUES ('1129', '支付应用信息更新', 'pay:app:update', '3', '3', '1126', NULL, NULL, NULL, '0', '1', '1', NULL, TO_DATE('2021-11-10 01:13:31', 'SYYYY-MM-DD HH24:MI:SS'), NULL, TO_DATE('2022-04-20 17:03:10', 'SYYYY-MM-DD HH24:MI:SS'), '0');
INSERT INTO "SYSTEM_MENU" ("ID", "NAME", "PERMISSION", "TYPE", "SORT", "PARENT_ID", "PATH", "ICON", "COMPONENT", "STATUS", "VISIBLE", "KEEP_ALIVE", "CREATOR", "CREATE_TIME", "UPDATER", "UPDATE_TIME", "DELETED") VALUES ('1130', '支付应用信息删除', 'pay:app:delete', '3', '4', '1126', NULL, NULL, NULL, '0', '1', '1', NULL, TO_DATE('2021-11-10 01:13:31', 'SYYYY-MM-DD HH24:MI:SS'), NULL, TO_DATE('2022-04-20 17:03:10', 'SYYYY-MM-DD HH24:MI:SS'), '0');
INSERT INTO "SYSTEM_MENU" ("ID", "NAME", "PERMISSION", "TYPE", "SORT", "PARENT_ID", "PATH", "ICON", "COMPONENT", "STATUS", "VISIBLE", "KEEP_ALIVE", "CREATOR", "CREATE_TIME", "UPDATER", "UPDATE_TIME", "DELETED") VALUES ('1131', '支付应用信息导出', 'pay:app:export', '3', '5', '1126', NULL, NULL, NULL, '0', '1', '1', NULL, TO_DATE('2021-11-10 01:13:31', 'SYYYY-MM-DD HH24:MI:SS'), NULL, TO_DATE('2022-04-20 17:03:10', 'SYYYY-MM-DD HH24:MI:SS'), '0');
INSERT INTO "SYSTEM_MENU" ("ID", "NAME", "PERMISSION", "TYPE", "SORT", "PARENT_ID", "PATH", "ICON", "COMPONENT", "STATUS", "VISIBLE", "KEEP_ALIVE", "CREATOR", "CREATE_TIME", "UPDATER", "UPDATE_TIME", "DELETED") VALUES ('1132', '秘钥解析', 'pay:channel:parsing', '3', '6', '1129', NULL, NULL, NULL, '0', '1', '1', '1', TO_DATE('2021-11-08 15:15:47', 'SYYYY-MM-DD HH24:MI:SS'), '1', TO_DATE('2022-04-20 17:03:10', 'SYYYY-MM-DD HH24:MI:SS'), '0');
INSERT INTO "SYSTEM_MENU" ("ID", "NAME", "PERMISSION", "TYPE", "SORT", "PARENT_ID", "PATH", "ICON", "COMPONENT", "STATUS", "VISIBLE", "KEEP_ALIVE", "CREATOR", "CREATE_TIME", "UPDATER", "UPDATE_TIME", "DELETED") VALUES ('1133', '支付商户信息查询', 'pay:merchant:query', '3', '1', '1132', NULL, NULL, NULL, '0', '1', '1', NULL, TO_DATE('2021-11-10 01:13:41', 'SYYYY-MM-DD HH24:MI:SS'), NULL, TO_DATE('2022-04-20 17:03:10', 'SYYYY-MM-DD HH24:MI:SS'), '0');
INSERT INTO "SYSTEM_MENU" ("ID", "NAME", "PERMISSION", "TYPE", "SORT", "PARENT_ID", "PATH", "ICON", "COMPONENT", "STATUS", "VISIBLE", "KEEP_ALIVE", "CREATOR", "CREATE_TIME", "UPDATER", "UPDATE_TIME", "DELETED") VALUES ('1134', '支付商户信息创建', 'pay:merchant:create', '3', '2', '1132', NULL, NULL, NULL, '0', '1', '1', NULL, TO_DATE('2021-11-10 01:13:41', 'SYYYY-MM-DD HH24:MI:SS'), NULL, TO_DATE('2022-04-20 17:03:10', 'SYYYY-MM-DD HH24:MI:SS'), '0');
INSERT INTO "SYSTEM_MENU" ("ID", "NAME", "PERMISSION", "TYPE", "SORT", "PARENT_ID", "PATH", "ICON", "COMPONENT", "STATUS", "VISIBLE", "KEEP_ALIVE", "CREATOR", "CREATE_TIME", "UPDATER", "UPDATE_TIME", "DELETED") VALUES ('1135', '支付商户信息更新', 'pay:merchant:update', '3', '3', '1132', NULL, NULL, NULL, '0', '1', '1', NULL, TO_DATE('2021-11-10 01:13:41', 'SYYYY-MM-DD HH24:MI:SS'), NULL, TO_DATE('2022-04-20 17:03:10', 'SYYYY-MM-DD HH24:MI:SS'), '0');
INSERT INTO "SYSTEM_MENU" ("ID", "NAME", "PERMISSION", "TYPE", "SORT", "PARENT_ID", "PATH", "ICON", "COMPONENT", "STATUS", "VISIBLE", "KEEP_ALIVE", "CREATOR", "CREATE_TIME", "UPDATER", "UPDATE_TIME", "DELETED") VALUES ('1136', '支付商户信息删除', 'pay:merchant:delete', '3', '4', '1132', NULL, NULL, NULL, '0', '1', '1', NULL, TO_DATE('2021-11-10 01:13:41', 'SYYYY-MM-DD HH24:MI:SS'), NULL, TO_DATE('2022-04-20 17:03:10', 'SYYYY-MM-DD HH24:MI:SS'), '0');
INSERT INTO "SYSTEM_MENU" ("ID", "NAME", "PERMISSION", "TYPE", "SORT", "PARENT_ID", "PATH", "ICON", "COMPONENT", "STATUS", "VISIBLE", "KEEP_ALIVE", "CREATOR", "CREATE_TIME", "UPDATER", "UPDATE_TIME", "DELETED") VALUES ('1137', '支付商户信息导出', 'pay:merchant:export', '3', '5', '1132', NULL, NULL, NULL, '0', '1', '1', NULL, TO_DATE('2021-11-10 01:13:41', 'SYYYY-MM-DD HH24:MI:SS'), NULL, TO_DATE('2022-04-20 17:03:10', 'SYYYY-MM-DD HH24:MI:SS'), '0');
INSERT INTO "SYSTEM_MENU" ("ID", "NAME", "PERMISSION", "TYPE", "SORT", "PARENT_ID", "PATH", "ICON", "COMPONENT", "STATUS", "VISIBLE", "KEEP_ALIVE", "CREATOR", "CREATE_TIME", "UPDATER", "UPDATE_TIME", "DELETED") VALUES ('1138', '租户列表', NULL, '2', '0', '1224', 'list', 'peoples', 'system/tenant/index', '0', '1', '1', NULL, TO_DATE('2021-12-14 12:31:43', 'SYYYY-MM-DD HH24:MI:SS'), '1', TO_DATE('2022-04-20 17:03:10', 'SYYYY-MM-DD HH24:MI:SS'), '0');
INSERT INTO "SYSTEM_MENU" ("ID", "NAME", "PERMISSION", "TYPE", "SORT", "PARENT_ID", "PATH", "ICON", "COMPONENT", "STATUS", "VISIBLE", "KEEP_ALIVE", "CREATOR", "CREATE_TIME", "UPDATER", "UPDATE_TIME", "DELETED") VALUES ('1139', '租户查询', 'system:tenant:query', '3', '1', '1138', NULL, NULL, NULL, '0', '1', '1', NULL, TO_DATE('2021-12-14 12:31:44', 'SYYYY-MM-DD HH24:MI:SS'), NULL, TO_DATE('2022-04-20 17:03:10', 'SYYYY-MM-DD HH24:MI:SS'), '0');
INSERT INTO "SYSTEM_MENU" ("ID", "NAME", "PERMISSION", "TYPE", "SORT", "PARENT_ID", "PATH", "ICON", "COMPONENT", "STATUS", "VISIBLE", "KEEP_ALIVE", "CREATOR", "CREATE_TIME", "UPDATER", "UPDATE_TIME", "DELETED") VALUES ('1140', '租户创建', 'system:tenant:create', '3', '2', '1138', NULL, NULL, NULL, '0', '1', '1', NULL, TO_DATE('2021-12-14 12:31:44', 'SYYYY-MM-DD HH24:MI:SS'), NULL, TO_DATE('2022-04-20 17:03:10', 'SYYYY-MM-DD HH24:MI:SS'), '0');
INSERT INTO "SYSTEM_MENU" ("ID", "NAME", "PERMISSION", "TYPE", "SORT", "PARENT_ID", "PATH", "ICON", "COMPONENT", "STATUS", "VISIBLE", "KEEP_ALIVE", "CREATOR", "CREATE_TIME", "UPDATER", "UPDATE_TIME", "DELETED") VALUES ('1141', '租户更新', 'system:tenant:update', '3', '3', '1138', NULL, NULL, NULL, '0', '1', '1', NULL, TO_DATE('2021-12-14 12:31:44', 'SYYYY-MM-DD HH24:MI:SS'), NULL, TO_DATE('2022-04-20 17:03:10', 'SYYYY-MM-DD HH24:MI:SS'), '0');
INSERT INTO "SYSTEM_MENU" ("ID", "NAME", "PERMISSION", "TYPE", "SORT", "PARENT_ID", "PATH", "ICON", "COMPONENT", "STATUS", "VISIBLE", "KEEP_ALIVE", "CREATOR", "CREATE_TIME", "UPDATER", "UPDATE_TIME", "DELETED") VALUES ('1142', '租户删除', 'system:tenant:delete', '3', '4', '1138', NULL, NULL, NULL, '0', '1', '1', NULL, TO_DATE('2021-12-14 12:31:44', 'SYYYY-MM-DD HH24:MI:SS'), NULL, TO_DATE('2022-04-20 17:03:10', 'SYYYY-MM-DD HH24:MI:SS'), '0');
INSERT INTO "SYSTEM_MENU" ("ID", "NAME", "PERMISSION", "TYPE", "SORT", "PARENT_ID", "PATH", "ICON", "COMPONENT", "STATUS", "VISIBLE", "KEEP_ALIVE", "CREATOR", "CREATE_TIME", "UPDATER", "UPDATE_TIME", "DELETED") VALUES ('1143', '租户导出', 'system:tenant:export', '3', '5', '1138', NULL, NULL, NULL, '0', '1', '1', NULL, TO_DATE('2021-12-14 12:31:44', 'SYYYY-MM-DD HH24:MI:SS'), NULL, TO_DATE('2022-04-20 17:03:10', 'SYYYY-MM-DD HH24:MI:SS'), '0');
INSERT INTO "SYSTEM_MENU" ("ID", "NAME", "PERMISSION", "TYPE", "SORT", "PARENT_ID", "PATH", "ICON", "COMPONENT", "STATUS", "VISIBLE", "KEEP_ALIVE", "CREATOR", "CREATE_TIME", "UPDATER", "UPDATE_TIME", "DELETED") VALUES ('1150', '秘钥解析', NULL, '3', '6', '1129', NULL, NULL, NULL, '0', '1', '1', '1', TO_DATE('2021-11-08 15:15:47', 'SYYYY-MM-DD HH24:MI:SS'), '1', TO_DATE('2022-04-20 17:03:10', 'SYYYY-MM-DD HH24:MI:SS'), '0');
INSERT INTO "SYSTEM_MENU" ("ID", "NAME", "PERMISSION", "TYPE", "SORT", "PARENT_ID", "PATH", "ICON", "COMPONENT", "STATUS", "VISIBLE", "KEEP_ALIVE", "CREATOR", "CREATE_TIME", "UPDATER", "UPDATE_TIME", "DELETED") VALUES ('1161', '退款订单', NULL, '2', '3', '1117', 'refund', 'order', 'pay/refund/index', '0', '1', '1', NULL, TO_DATE('2021-12-25 08:29:07', 'SYYYY-MM-DD HH24:MI:SS'), '1', TO_DATE('2022-04-20 17:03:10', 'SYYYY-MM-DD HH24:MI:SS'), '0');
INSERT INTO "SYSTEM_MENU" ("ID", "NAME", "PERMISSION", "TYPE", "SORT", "PARENT_ID", "PATH", "ICON", "COMPONENT", "STATUS", "VISIBLE", "KEEP_ALIVE", "CREATOR", "CREATE_TIME", "UPDATER", "UPDATE_TIME", "DELETED") VALUES ('1162', '退款订单查询', 'pay:refund:query', '3', '1', '1161', NULL, NULL, NULL, '0', '1', '1', NULL, TO_DATE('2021-12-25 08:29:07', 'SYYYY-MM-DD HH24:MI:SS'), NULL, TO_DATE('2022-04-20 17:03:10', 'SYYYY-MM-DD HH24:MI:SS'), '0');
INSERT INTO "SYSTEM_MENU" ("ID", "NAME", "PERMISSION", "TYPE", "SORT", "PARENT_ID", "PATH", "ICON", "COMPONENT", "STATUS", "VISIBLE", "KEEP_ALIVE", "CREATOR", "CREATE_TIME", "UPDATER", "UPDATE_TIME", "DELETED") VALUES ('1163', '退款订单创建', 'pay:refund:create', '3', '2', '1161', NULL, NULL, NULL, '0', '1', '1', NULL, TO_DATE('2021-12-25 08:29:07', 'SYYYY-MM-DD HH24:MI:SS'), NULL, TO_DATE('2022-04-20 17:03:10', 'SYYYY-MM-DD HH24:MI:SS'), '0');
INSERT INTO "SYSTEM_MENU" ("ID", "NAME", "PERMISSION", "TYPE", "SORT", "PARENT_ID", "PATH", "ICON", "COMPONENT", "STATUS", "VISIBLE", "KEEP_ALIVE", "CREATOR", "CREATE_TIME", "UPDATER", "UPDATE_TIME", "DELETED") VALUES ('1164', '退款订单更新', 'pay:refund:update', '3', '3', '1161', NULL, NULL, NULL, '0', '1', '1', NULL, TO_DATE('2021-12-25 08:29:07', 'SYYYY-MM-DD HH24:MI:SS'), NULL, TO_DATE('2022-04-20 17:03:10', 'SYYYY-MM-DD HH24:MI:SS'), '0');
INSERT INTO "SYSTEM_MENU" ("ID", "NAME", "PERMISSION", "TYPE", "SORT", "PARENT_ID", "PATH", "ICON", "COMPONENT", "STATUS", "VISIBLE", "KEEP_ALIVE", "CREATOR", "CREATE_TIME", "UPDATER", "UPDATE_TIME", "DELETED") VALUES ('1165', '退款订单删除', 'pay:refund:delete', '3', '4', '1161', NULL, NULL, NULL, '0', '1', '1', NULL, TO_DATE('2021-12-25 08:29:07', 'SYYYY-MM-DD HH24:MI:SS'), NULL, TO_DATE('2022-04-20 17:03:10', 'SYYYY-MM-DD HH24:MI:SS'), '0');
INSERT INTO "SYSTEM_MENU" ("ID", "NAME", "PERMISSION", "TYPE", "SORT", "PARENT_ID", "PATH", "ICON", "COMPONENT", "STATUS", "VISIBLE", "KEEP_ALIVE", "CREATOR", "CREATE_TIME", "UPDATER", "UPDATE_TIME", "DELETED") VALUES ('1166', '退款订单导出', 'pay:refund:export', '3', '5', '1161', NULL, NULL, NULL, '0', '1', '1', NULL, TO_DATE('2021-12-25 08:29:07', 'SYYYY-MM-DD HH24:MI:SS'), NULL, TO_DATE('2022-04-20 17:03:10', 'SYYYY-MM-DD HH24:MI:SS'), '0');
INSERT INTO "SYSTEM_MENU" ("ID", "NAME", "PERMISSION", "TYPE", "SORT", "PARENT_ID", "PATH", "ICON", "COMPONENT", "STATUS", "VISIBLE", "KEEP_ALIVE", "CREATOR", "CREATE_TIME", "UPDATER", "UPDATE_TIME", "DELETED") VALUES ('1173', '支付订单', NULL, '2', '2', '1117', 'order', 'pay', 'pay/order/index', '0', '1', '1', NULL, TO_DATE('2021-12-25 08:49:43', 'SYYYY-MM-DD HH24:MI:SS'), '1', TO_DATE('2022-04-20 17:03:10', 'SYYYY-MM-DD HH24:MI:SS'), '0');
INSERT INTO "SYSTEM_MENU" ("ID", "NAME", "PERMISSION", "TYPE", "SORT", "PARENT_ID", "PATH", "ICON", "COMPONENT", "STATUS", "VISIBLE", "KEEP_ALIVE", "CREATOR", "CREATE_TIME", "UPDATER", "UPDATE_TIME", "DELETED") VALUES ('1174', '支付订单查询', 'pay:order:query', '3', '1', '1173', NULL, NULL, NULL, '0', '1', '1', NULL, TO_DATE('2021-12-25 08:49:43', 'SYYYY-MM-DD HH24:MI:SS'), NULL, TO_DATE('2022-04-20 17:03:10', 'SYYYY-MM-DD HH24:MI:SS'), '0');
INSERT INTO "SYSTEM_MENU" ("ID", "NAME", "PERMISSION", "TYPE", "SORT", "PARENT_ID", "PATH", "ICON", "COMPONENT", "STATUS", "VISIBLE", "KEEP_ALIVE", "CREATOR", "CREATE_TIME", "UPDATER", "UPDATE_TIME", "DELETED") VALUES ('1175', '支付订单创建', 'pay:order:create', '3', '2', '1173', NULL, NULL, NULL, '0', '1', '1', NULL, TO_DATE('2021-12-25 08:49:43', 'SYYYY-MM-DD HH24:MI:SS'), NULL, TO_DATE('2022-04-20 17:03:10', 'SYYYY-MM-DD HH24:MI:SS'), '0');
INSERT INTO "SYSTEM_MENU" ("ID", "NAME", "PERMISSION", "TYPE", "SORT", "PARENT_ID", "PATH", "ICON", "COMPONENT", "STATUS", "VISIBLE", "KEEP_ALIVE", "CREATOR", "CREATE_TIME", "UPDATER", "UPDATE_TIME", "DELETED") VALUES ('1176', '支付订单更新', 'pay:order:update', '3', '3', '1173', NULL, NULL, NULL, '0', '1', '1', NULL, TO_DATE('2021-12-25 08:49:43', 'SYYYY-MM-DD HH24:MI:SS'), NULL, TO_DATE('2022-04-20 17:03:10', 'SYYYY-MM-DD HH24:MI:SS'), '0');
INSERT INTO "SYSTEM_MENU" ("ID", "NAME", "PERMISSION", "TYPE", "SORT", "PARENT_ID", "PATH", "ICON", "COMPONENT", "STATUS", "VISIBLE", "KEEP_ALIVE", "CREATOR", "CREATE_TIME", "UPDATER", "UPDATE_TIME", "DELETED") VALUES ('1177', '支付订单删除', 'pay:order:delete', '3', '4', '1173', NULL, NULL, NULL, '0', '1', '1', NULL, TO_DATE('2021-12-25 08:49:43', 'SYYYY-MM-DD HH24:MI:SS'), NULL, TO_DATE('2022-04-20 17:03:10', 'SYYYY-MM-DD HH24:MI:SS'), '0');
INSERT INTO "SYSTEM_MENU" ("ID", "NAME", "PERMISSION", "TYPE", "SORT", "PARENT_ID", "PATH", "ICON", "COMPONENT", "STATUS", "VISIBLE", "KEEP_ALIVE", "CREATOR", "CREATE_TIME", "UPDATER", "UPDATE_TIME", "DELETED") VALUES ('1178', '支付订单导出', 'pay:order:export', '3', '5', '1173', NULL, NULL, NULL, '0', '1', '1', NULL, TO_DATE('2021-12-25 08:49:43', 'SYYYY-MM-DD HH24:MI:SS'), NULL, TO_DATE('2022-04-20 17:03:10', 'SYYYY-MM-DD HH24:MI:SS'), '0');
INSERT INTO "SYSTEM_MENU" ("ID", "NAME", "PERMISSION", "TYPE", "SORT", "PARENT_ID", "PATH", "ICON", "COMPONENT", "STATUS", "VISIBLE", "KEEP_ALIVE", "CREATOR", "CREATE_TIME", "UPDATER", "UPDATE_TIME", "DELETED") VALUES ('1179', '商户信息', NULL, '2', '0', '1117', 'merchant', 'merchant', 'pay/merchant/index', '0', '1', '1', NULL, TO_DATE('2021-12-25 09:01:44', 'SYYYY-MM-DD HH24:MI:SS'), '1', TO_DATE('2022-04-20 17:03:10', 'SYYYY-MM-DD HH24:MI:SS'), '0');
INSERT INTO "SYSTEM_MENU" ("ID", "NAME", "PERMISSION", "TYPE", "SORT", "PARENT_ID", "PATH", "ICON", "COMPONENT", "STATUS", "VISIBLE", "KEEP_ALIVE", "CREATOR", "CREATE_TIME", "UPDATER", "UPDATE_TIME", "DELETED") VALUES ('1180', '支付商户信息查询', 'pay:merchant:query', '3', '1', '1179', NULL, NULL, NULL, '0', '1', '1', NULL, TO_DATE('2021-12-25 09:01:44', 'SYYYY-MM-DD HH24:MI:SS'), NULL, TO_DATE('2022-04-20 17:03:10', 'SYYYY-MM-DD HH24:MI:SS'), '0');
INSERT INTO "SYSTEM_MENU" ("ID", "NAME", "PERMISSION", "TYPE", "SORT", "PARENT_ID", "PATH", "ICON", "COMPONENT", "STATUS", "VISIBLE", "KEEP_ALIVE", "CREATOR", "CREATE_TIME", "UPDATER", "UPDATE_TIME", "DELETED") VALUES ('1181', '支付商户信息创建', 'pay:merchant:create', '3', '2', '1179', NULL, NULL, NULL, '0', '1', '1', NULL, TO_DATE('2021-12-25 09:01:44', 'SYYYY-MM-DD HH24:MI:SS'), NULL, TO_DATE('2022-04-20 17:03:10', 'SYYYY-MM-DD HH24:MI:SS'), '0');
INSERT INTO "SYSTEM_MENU" ("ID", "NAME", "PERMISSION", "TYPE", "SORT", "PARENT_ID", "PATH", "ICON", "COMPONENT", "STATUS", "VISIBLE", "KEEP_ALIVE", "CREATOR", "CREATE_TIME", "UPDATER", "UPDATE_TIME", "DELETED") VALUES ('1182', '支付商户信息更新', 'pay:merchant:update', '3', '3', '1179', NULL, NULL, NULL, '0', '1', '1', NULL, TO_DATE('2021-12-25 09:01:44', 'SYYYY-MM-DD HH24:MI:SS'), NULL, TO_DATE('2022-04-20 17:03:10', 'SYYYY-MM-DD HH24:MI:SS'), '0');
INSERT INTO "SYSTEM_MENU" ("ID", "NAME", "PERMISSION", "TYPE", "SORT", "PARENT_ID", "PATH", "ICON", "COMPONENT", "STATUS", "VISIBLE", "KEEP_ALIVE", "CREATOR", "CREATE_TIME", "UPDATER", "UPDATE_TIME", "DELETED") VALUES ('1183', '支付商户信息删除', NULL, '3', '4', '1179', NULL, NULL, NULL, '0', '1', '1', NULL, TO_DATE('2021-12-25 09:01:44', 'SYYYY-MM-DD HH24:MI:SS'), NULL, TO_DATE('2022-04-20 17:03:10', 'SYYYY-MM-DD HH24:MI:SS'), '0');
INSERT INTO "SYSTEM_MENU" ("ID", "NAME", "PERMISSION", "TYPE", "SORT", "PARENT_ID", "PATH", "ICON", "COMPONENT", "STATUS", "VISIBLE", "KEEP_ALIVE", "CREATOR", "CREATE_TIME", "UPDATER", "UPDATE_TIME", "DELETED") VALUES ('1184', '支付商户信息导出', 'pay:merchant:export', '3', '5', '1179', NULL, NULL, NULL, '0', '1', '1', NULL, TO_DATE('2021-12-25 09:01:44', 'SYYYY-MM-DD HH24:MI:SS'), NULL, TO_DATE('2022-04-20 17:03:10', 'SYYYY-MM-DD HH24:MI:SS'), '0');
INSERT INTO "SYSTEM_MENU" ("ID", "NAME", "PERMISSION", "TYPE", "SORT", "PARENT_ID", "PATH", "ICON", "COMPONENT", "STATUS", "VISIBLE", "KEEP_ALIVE", "CREATOR", "CREATE_TIME", "UPDATER", "UPDATE_TIME", "DELETED") VALUES ('1185', '工作流程', NULL, '1', '50', '0', '/bpm', 'tool', NULL, '0', '1', '1', '1', TO_DATE('2021-12-30 20:26:36', 'SYYYY-MM-DD HH24:MI:SS'), '103', TO_DATE('2022-05-12 18:11:34', 'SYYYY-MM-DD HH24:MI:SS'), '0');
INSERT INTO "SYSTEM_MENU" ("ID", "NAME", "PERMISSION", "TYPE", "SORT", "PARENT_ID", "PATH", "ICON", "COMPONENT", "STATUS", "VISIBLE", "KEEP_ALIVE", "CREATOR", "CREATE_TIME", "UPDATER", "UPDATE_TIME", "DELETED") VALUES ('1186', '流程管理', NULL, '1', '10', '1185', 'manager', 'nested', NULL, '0', '1', '1', '1', TO_DATE('2021-12-30 20:28:30', 'SYYYY-MM-DD HH24:MI:SS'), '1', TO_DATE('2022-05-12 18:11:34', 'SYYYY-MM-DD HH24:MI:SS'), '0');
INSERT INTO "SYSTEM_MENU" ("ID", "NAME", "PERMISSION", "TYPE", "SORT", "PARENT_ID", "PATH", "ICON", "COMPONENT", "STATUS", "VISIBLE", "KEEP_ALIVE", "CREATOR", "CREATE_TIME", "UPDATER", "UPDATE_TIME", "DELETED") VALUES ('1187', '流程表单', NULL, '2', '0', '1186', 'form', 'form', 'bpm/form/index', '0', '1', '1', NULL, TO_DATE('2021-12-30 12:38:22', 'SYYYY-MM-DD HH24:MI:SS'), '1', TO_DATE('2022-04-20 17:03:10', 'SYYYY-MM-DD HH24:MI:SS'), '0');
INSERT INTO "SYSTEM_MENU" ("ID", "NAME", "PERMISSION", "TYPE", "SORT", "PARENT_ID", "PATH", "ICON", "COMPONENT", "STATUS", "VISIBLE", "KEEP_ALIVE", "CREATOR", "CREATE_TIME", "UPDATER", "UPDATE_TIME", "DELETED") VALUES ('1188', '表单查询', 'bpm:form:query', '3', '1', '1187', NULL, NULL, NULL, '0', '1', '1', NULL, TO_DATE('2021-12-30 12:38:22', 'SYYYY-MM-DD HH24:MI:SS'), '1', TO_DATE('2022-04-20 17:03:10', 'SYYYY-MM-DD HH24:MI:SS'), '0');
INSERT INTO "SYSTEM_MENU" ("ID", "NAME", "PERMISSION", "TYPE", "SORT", "PARENT_ID", "PATH", "ICON", "COMPONENT", "STATUS", "VISIBLE", "KEEP_ALIVE", "CREATOR", "CREATE_TIME", "UPDATER", "UPDATE_TIME", "DELETED") VALUES ('1189', '表单创建', 'bpm:form:create', '3', '2', '1187', NULL, NULL, NULL, '0', '1', '1', NULL, TO_DATE('2021-12-30 12:38:22', 'SYYYY-MM-DD HH24:MI:SS'), '1', TO_DATE('2022-04-20 17:03:10', 'SYYYY-MM-DD HH24:MI:SS'), '0');
INSERT INTO "SYSTEM_MENU" ("ID", "NAME", "PERMISSION", "TYPE", "SORT", "PARENT_ID", "PATH", "ICON", "COMPONENT", "STATUS", "VISIBLE", "KEEP_ALIVE", "CREATOR", "CREATE_TIME", "UPDATER", "UPDATE_TIME", "DELETED") VALUES ('1190', '表单更新', 'bpm:form:update', '3', '3', '1187', NULL, NULL, NULL, '0', '1', '1', NULL, TO_DATE('2021-12-30 12:38:22', 'SYYYY-MM-DD HH24:MI:SS'), '1', TO_DATE('2022-04-20 17:03:10', 'SYYYY-MM-DD HH24:MI:SS'), '0');
INSERT INTO "SYSTEM_MENU" ("ID", "NAME", "PERMISSION", "TYPE", "SORT", "PARENT_ID", "PATH", "ICON", "COMPONENT", "STATUS", "VISIBLE", "KEEP_ALIVE", "CREATOR", "CREATE_TIME", "UPDATER", "UPDATE_TIME", "DELETED") VALUES ('1191', '表单删除', 'bpm:form:delete', '3', '4', '1187', NULL, NULL, NULL, '0', '1', '1', NULL, TO_DATE('2021-12-30 12:38:22', 'SYYYY-MM-DD HH24:MI:SS'), '1', TO_DATE('2022-04-20 17:03:10', 'SYYYY-MM-DD HH24:MI:SS'), '0');
INSERT INTO "SYSTEM_MENU" ("ID", "NAME", "PERMISSION", "TYPE", "SORT", "PARENT_ID", "PATH", "ICON", "COMPONENT", "STATUS", "VISIBLE", "KEEP_ALIVE", "CREATOR", "CREATE_TIME", "UPDATER", "UPDATE_TIME", "DELETED") VALUES ('1192', '表单导出', 'bpm:form:export', '3', '5', '1187', NULL, NULL, NULL, '0', '1', '1', NULL, TO_DATE('2021-12-30 12:38:22', 'SYYYY-MM-DD HH24:MI:SS'), '1', TO_DATE('2022-04-20 17:03:10', 'SYYYY-MM-DD HH24:MI:SS'), '0');
INSERT INTO "SYSTEM_MENU" ("ID", "NAME", "PERMISSION", "TYPE", "SORT", "PARENT_ID", "PATH", "ICON", "COMPONENT", "STATUS", "VISIBLE", "KEEP_ALIVE", "CREATOR", "CREATE_TIME", "UPDATER", "UPDATE_TIME", "DELETED") VALUES ('1193', '流程模型', NULL, '2', '5', '1186', 'model', 'guide', 'bpm/model/index', '0', '1', '1', '1', TO_DATE('2021-12-31 23:24:58', 'SYYYY-MM-DD HH24:MI:SS'), '103', TO_DATE('2022-04-20 17:03:10', 'SYYYY-MM-DD HH24:MI:SS'), '0');
INSERT INTO "SYSTEM_MENU" ("ID", "NAME", "PERMISSION", "TYPE", "SORT", "PARENT_ID", "PATH", "ICON", "COMPONENT", "STATUS", "VISIBLE", "KEEP_ALIVE", "CREATOR", "CREATE_TIME", "UPDATER", "UPDATE_TIME", "DELETED") VALUES ('1194', '模型查询', 'bpm:model:query', '3', '1', '1193', NULL, NULL, NULL, '0', '1', '1', '1', TO_DATE('2022-01-03 19:01:10', 'SYYYY-MM-DD HH24:MI:SS'), '1', TO_DATE('2022-04-20 17:03:10', 'SYYYY-MM-DD HH24:MI:SS'), '0');
INSERT INTO "SYSTEM_MENU" ("ID", "NAME", "PERMISSION", "TYPE", "SORT", "PARENT_ID", "PATH", "ICON", "COMPONENT", "STATUS", "VISIBLE", "KEEP_ALIVE", "CREATOR", "CREATE_TIME", "UPDATER", "UPDATE_TIME", "DELETED") VALUES ('1195', '模型创建', 'bpm:model:create', '3', '2', '1193', NULL, NULL, NULL, '0', '1', '1', '1', TO_DATE('2022-01-03 19:01:24', 'SYYYY-MM-DD HH24:MI:SS'), '1', TO_DATE('2022-04-20 17:03:10', 'SYYYY-MM-DD HH24:MI:SS'), '0');
INSERT INTO "SYSTEM_MENU" ("ID", "NAME", "PERMISSION", "TYPE", "SORT", "PARENT_ID", "PATH", "ICON", "COMPONENT", "STATUS", "VISIBLE", "KEEP_ALIVE", "CREATOR", "CREATE_TIME", "UPDATER", "UPDATE_TIME", "DELETED") VALUES ('1196', '模型导入', 'bpm:model:import', '3', '3', '1193', NULL, NULL, NULL, '0', '1', '1', '1', TO_DATE('2022-01-03 19:01:35', 'SYYYY-MM-DD HH24:MI:SS'), '1', TO_DATE('2022-04-20 17:03:10', 'SYYYY-MM-DD HH24:MI:SS'), '0');
INSERT INTO "SYSTEM_MENU" ("ID", "NAME", "PERMISSION", "TYPE", "SORT", "PARENT_ID", "PATH", "ICON", "COMPONENT", "STATUS", "VISIBLE", "KEEP_ALIVE", "CREATOR", "CREATE_TIME", "UPDATER", "UPDATE_TIME", "DELETED") VALUES ('1197', '模型更新', 'bpm:model:update', '3', '4', '1193', NULL, NULL, NULL, '0', '1', '1', '1', TO_DATE('2022-01-03 19:02:28', 'SYYYY-MM-DD HH24:MI:SS'), '1', TO_DATE('2022-04-20 17:03:10', 'SYYYY-MM-DD HH24:MI:SS'), '0');
INSERT INTO "SYSTEM_MENU" ("ID", "NAME", "PERMISSION", "TYPE", "SORT", "PARENT_ID", "PATH", "ICON", "COMPONENT", "STATUS", "VISIBLE", "KEEP_ALIVE", "CREATOR", "CREATE_TIME", "UPDATER", "UPDATE_TIME", "DELETED") VALUES ('1198', '模型删除', 'bpm:model:delete', '3', '5', '1193', NULL, NULL, NULL, '0', '1', '1', '1', TO_DATE('2022-01-03 19:02:43', 'SYYYY-MM-DD HH24:MI:SS'), '1', TO_DATE('2022-04-20 17:03:10', 'SYYYY-MM-DD HH24:MI:SS'), '0');
INSERT INTO "SYSTEM_MENU" ("ID", "NAME", "PERMISSION", "TYPE", "SORT", "PARENT_ID", "PATH", "ICON", "COMPONENT", "STATUS", "VISIBLE", "KEEP_ALIVE", "CREATOR", "CREATE_TIME", "UPDATER", "UPDATE_TIME", "DELETED") VALUES ('1199', '模型发布', 'bpm:model:deploy', '3', '6', '1193', NULL, NULL, NULL, '0', '1', '1', '1', TO_DATE('2022-01-03 19:03:24', 'SYYYY-MM-DD HH24:MI:SS'), '1', TO_DATE('2022-04-20 17:03:10', 'SYYYY-MM-DD HH24:MI:SS'), '0');
INSERT INTO "SYSTEM_MENU" ("ID", "NAME", "PERMISSION", "TYPE", "SORT", "PARENT_ID", "PATH", "ICON", "COMPONENT", "STATUS", "VISIBLE", "KEEP_ALIVE", "CREATOR", "CREATE_TIME", "UPDATER", "UPDATE_TIME", "DELETED") VALUES ('1200', '任务管理', NULL, '1', '20', '1185', 'task', 'cascader', NULL, '0', '1', '1', '1', TO_DATE('2022-01-07 23:51:48', 'SYYYY-MM-DD HH24:MI:SS'), '1', TO_DATE('2022-05-12 18:11:34', 'SYYYY-MM-DD HH24:MI:SS'), '0');
INSERT INTO "SYSTEM_MENU" ("ID", "NAME", "PERMISSION", "TYPE", "SORT", "PARENT_ID", "PATH", "ICON", "COMPONENT", "STATUS", "VISIBLE", "KEEP_ALIVE", "CREATOR", "CREATE_TIME", "UPDATER", "UPDATE_TIME", "DELETED") VALUES ('1201', '我的流程', NULL, '2', '0', '1200', 'my', 'people', 'bpm/processInstance/index', '0', '1', '1', NULL, TO_DATE('2022-01-07 15:53:44', 'SYYYY-MM-DD HH24:MI:SS'), '1', TO_DATE('2022-04-20 17:03:10', 'SYYYY-MM-DD HH24:MI:SS'), '0');
INSERT INTO "SYSTEM_MENU" ("ID", "NAME", "PERMISSION", "TYPE", "SORT", "PARENT_ID", "PATH", "ICON", "COMPONENT", "STATUS", "VISIBLE", "KEEP_ALIVE", "CREATOR", "CREATE_TIME", "UPDATER", "UPDATE_TIME", "DELETED") VALUES ('1202', '流程实例的查询', 'bpm:process-instance:query', '3', '1', '1201', NULL, NULL, NULL, '0', '1', '1', NULL, TO_DATE('2022-01-07 15:53:44', 'SYYYY-MM-DD HH24:MI:SS'), '1', TO_DATE('2022-04-20 17:03:10', 'SYYYY-MM-DD HH24:MI:SS'), '0');
INSERT INTO "SYSTEM_MENU" ("ID", "NAME", "PERMISSION", "TYPE", "SORT", "PARENT_ID", "PATH", "ICON", "COMPONENT", "STATUS", "VISIBLE", "KEEP_ALIVE", "CREATOR", "CREATE_TIME", "UPDATER", "UPDATE_TIME", "DELETED") VALUES ('1207', '待办任务', NULL, '2', '10', '1200', 'todo', 'eye-open', 'bpm/task/todo', '0', '1', '1', '1', TO_DATE('2022-01-08 10:33:37', 'SYYYY-MM-DD HH24:MI:SS'), '1', TO_DATE('2022-04-20 17:03:10', 'SYYYY-MM-DD HH24:MI:SS'), '0');
INSERT INTO "SYSTEM_MENU" ("ID", "NAME", "PERMISSION", "TYPE", "SORT", "PARENT_ID", "PATH", "ICON", "COMPONENT", "STATUS", "VISIBLE", "KEEP_ALIVE", "CREATOR", "CREATE_TIME", "UPDATER", "UPDATE_TIME", "DELETED") VALUES ('1208', '已办任务', NULL, '2', '20', '1200', 'done', 'eye', 'bpm/task/done', '0', '1', '1', '1', TO_DATE('2022-01-08 10:34:13', 'SYYYY-MM-DD HH24:MI:SS'), '1', TO_DATE('2022-04-20 17:03:10', 'SYYYY-MM-DD HH24:MI:SS'), '0');
INSERT INTO "SYSTEM_MENU" ("ID", "NAME", "PERMISSION", "TYPE", "SORT", "PARENT_ID", "PATH", "ICON", "COMPONENT", "STATUS", "VISIBLE", "KEEP_ALIVE", "CREATOR", "CREATE_TIME", "UPDATER", "UPDATE_TIME", "DELETED") VALUES ('1209', '用户分组', NULL, '2', '2', '1186', 'user-group', 'people', 'bpm/group/index', '0', '1', '1', NULL, TO_DATE('2022-01-14 02:14:20', 'SYYYY-MM-DD HH24:MI:SS'), '103', TO_DATE('2022-04-20 17:03:10', 'SYYYY-MM-DD HH24:MI:SS'), '0');
INSERT INTO "SYSTEM_MENU" ("ID", "NAME", "PERMISSION", "TYPE", "SORT", "PARENT_ID", "PATH", "ICON", "COMPONENT", "STATUS", "VISIBLE", "KEEP_ALIVE", "CREATOR", "CREATE_TIME", "UPDATER", "UPDATE_TIME", "DELETED") VALUES ('1210', '用户组查询', 'bpm:user-group:query', '3', '1', '1209', NULL, NULL, NULL, '0', '1', '1', NULL, TO_DATE('2022-01-14 02:14:20', 'SYYYY-MM-DD HH24:MI:SS'), NULL, TO_DATE('2022-04-20 17:03:10', 'SYYYY-MM-DD HH24:MI:SS'), '0');
INSERT INTO "SYSTEM_MENU" ("ID", "NAME", "PERMISSION", "TYPE", "SORT", "PARENT_ID", "PATH", "ICON", "COMPONENT", "STATUS", "VISIBLE", "KEEP_ALIVE", "CREATOR", "CREATE_TIME", "UPDATER", "UPDATE_TIME", "DELETED") VALUES ('1211', '用户组创建', 'bpm:user-group:create', '3', '2', '1209', NULL, NULL, NULL, '0', '1', '1', NULL, TO_DATE('2022-01-14 02:14:20', 'SYYYY-MM-DD HH24:MI:SS'), NULL, TO_DATE('2022-04-20 17:03:10', 'SYYYY-MM-DD HH24:MI:SS'), '0');
INSERT INTO "SYSTEM_MENU" ("ID", "NAME", "PERMISSION", "TYPE", "SORT", "PARENT_ID", "PATH", "ICON", "COMPONENT", "STATUS", "VISIBLE", "KEEP_ALIVE", "CREATOR", "CREATE_TIME", "UPDATER", "UPDATE_TIME", "DELETED") VALUES ('1212', '用户组更新', 'bpm:user-group:update', '3', '3', '1209', NULL, NULL, NULL, '0', '1', '1', NULL, TO_DATE('2022-01-14 02:14:20', 'SYYYY-MM-DD HH24:MI:SS'), NULL, TO_DATE('2022-04-20 17:03:10', 'SYYYY-MM-DD HH24:MI:SS'), '0');
INSERT INTO "SYSTEM_MENU" ("ID", "NAME", "PERMISSION", "TYPE", "SORT", "PARENT_ID", "PATH", "ICON", "COMPONENT", "STATUS", "VISIBLE", "KEEP_ALIVE", "CREATOR", "CREATE_TIME", "UPDATER", "UPDATE_TIME", "DELETED") VALUES ('1213', '用户组删除', 'bpm:user-group:delete', '3', '4', '1209', NULL, NULL, NULL, '0', '1', '1', NULL, TO_DATE('2022-01-14 02:14:20', 'SYYYY-MM-DD HH24:MI:SS'), NULL, TO_DATE('2022-04-20 17:03:10', 'SYYYY-MM-DD HH24:MI:SS'), '0');
INSERT INTO "SYSTEM_MENU" ("ID", "NAME", "PERMISSION", "TYPE", "SORT", "PARENT_ID", "PATH", "ICON", "COMPONENT", "STATUS", "VISIBLE", "KEEP_ALIVE", "CREATOR", "CREATE_TIME", "UPDATER", "UPDATE_TIME", "DELETED") VALUES ('1215', '流程定义查询', 'bpm:process-definition:query', '3', '10', '1193', NULL, NULL, NULL, '0', '1', '1', '1', TO_DATE('2022-01-23 00:21:43', 'SYYYY-MM-DD HH24:MI:SS'), '1', TO_DATE('2022-04-20 17:03:10', 'SYYYY-MM-DD HH24:MI:SS'), '0');
INSERT INTO "SYSTEM_MENU" ("ID", "NAME", "PERMISSION", "TYPE", "SORT", "PARENT_ID", "PATH", "ICON", "COMPONENT", "STATUS", "VISIBLE", "KEEP_ALIVE", "CREATOR", "CREATE_TIME", "UPDATER", "UPDATE_TIME", "DELETED") VALUES ('1216', '流程任务分配规则查询', 'bpm:task-assign-rule:query', '3', '20', '1193', NULL, NULL, NULL, '0', '1', '1', '1', TO_DATE('2022-01-23 00:26:53', 'SYYYY-MM-DD HH24:MI:SS'), '1', TO_DATE('2022-04-20 17:03:10', 'SYYYY-MM-DD HH24:MI:SS'), '0');
INSERT INTO "SYSTEM_MENU" ("ID", "NAME", "PERMISSION", "TYPE", "SORT", "PARENT_ID", "PATH", "ICON", "COMPONENT", "STATUS", "VISIBLE", "KEEP_ALIVE", "CREATOR", "CREATE_TIME", "UPDATER", "UPDATE_TIME", "DELETED") VALUES ('1217', '流程任务分配规则创建', 'bpm:task-assign-rule:create', '3', '21', '1193', NULL, NULL, NULL, '0', '1', '1', '1', TO_DATE('2022-01-23 00:28:15', 'SYYYY-MM-DD HH24:MI:SS'), '1', TO_DATE('2022-04-20 17:03:10', 'SYYYY-MM-DD HH24:MI:SS'), '0');
INSERT INTO "SYSTEM_MENU" ("ID", "NAME", "PERMISSION", "TYPE", "SORT", "PARENT_ID", "PATH", "ICON", "COMPONENT", "STATUS", "VISIBLE", "KEEP_ALIVE", "CREATOR", "CREATE_TIME", "UPDATER", "UPDATE_TIME", "DELETED") VALUES ('1218', '流程任务分配规则更新', 'bpm:task-assign-rule:update', '3', '22', '1193', NULL, NULL, NULL, '0', '1', '1', '1', TO_DATE('2022-01-23 00:28:41', 'SYYYY-MM-DD HH24:MI:SS'), '1', TO_DATE('2022-04-20 17:03:10', 'SYYYY-MM-DD HH24:MI:SS'), '0');
INSERT INTO "SYSTEM_MENU" ("ID", "NAME", "PERMISSION", "TYPE", "SORT", "PARENT_ID", "PATH", "ICON", "COMPONENT", "STATUS", "VISIBLE", "KEEP_ALIVE", "CREATOR", "CREATE_TIME", "UPDATER", "UPDATE_TIME", "DELETED") VALUES ('1219', '流程实例的创建', 'bpm:process-instance:create', '3', '2', '1201', NULL, NULL, NULL, '0', '1', '1', '1', TO_DATE('2022-01-23 00:36:15', 'SYYYY-MM-DD HH24:MI:SS'), '1', TO_DATE('2022-04-20 17:03:10', 'SYYYY-MM-DD HH24:MI:SS'), '0');
INSERT INTO "SYSTEM_MENU" ("ID", "NAME", "PERMISSION", "TYPE", "SORT", "PARENT_ID", "PATH", "ICON", "COMPONENT", "STATUS", "VISIBLE", "KEEP_ALIVE", "CREATOR", "CREATE_TIME", "UPDATER", "UPDATE_TIME", "DELETED") VALUES ('1220', '流程实例的取消', 'bpm:process-instance:cancel', '3', '3', '1201', NULL, NULL, NULL, '0', '1', '1', '1', TO_DATE('2022-01-23 00:36:33', 'SYYYY-MM-DD HH24:MI:SS'), '1', TO_DATE('2022-04-20 17:03:10', 'SYYYY-MM-DD HH24:MI:SS'), '0');
INSERT INTO "SYSTEM_MENU" ("ID", "NAME", "PERMISSION", "TYPE", "SORT", "PARENT_ID", "PATH", "ICON", "COMPONENT", "STATUS", "VISIBLE", "KEEP_ALIVE", "CREATOR", "CREATE_TIME", "UPDATER", "UPDATE_TIME", "DELETED") VALUES ('1221', '流程任务的查询', 'bpm:task:query', '3', '1', '1207', NULL, NULL, NULL, '0', '1', '1', '1', TO_DATE('2022-01-23 00:38:52', 'SYYYY-MM-DD HH24:MI:SS'), '1', TO_DATE('2022-04-20 17:03:10', 'SYYYY-MM-DD HH24:MI:SS'), '0');
INSERT INTO "SYSTEM_MENU" ("ID", "NAME", "PERMISSION", "TYPE", "SORT", "PARENT_ID", "PATH", "ICON", "COMPONENT", "STATUS", "VISIBLE", "KEEP_ALIVE", "CREATOR", "CREATE_TIME", "UPDATER", "UPDATE_TIME", "DELETED") VALUES ('1222', '流程任务的更新', 'bpm:task:update', '3', '2', '1207', NULL, NULL, NULL, '0', '1', '1', '1', TO_DATE('2022-01-23 00:39:24', 'SYYYY-MM-DD HH24:MI:SS'), '1', TO_DATE('2022-04-20 17:03:10', 'SYYYY-MM-DD HH24:MI:SS'), '0');
INSERT INTO "SYSTEM_MENU" ("ID", "NAME", "PERMISSION", "TYPE", "SORT", "PARENT_ID", "PATH", "ICON", "COMPONENT", "STATUS", "VISIBLE", "KEEP_ALIVE", "CREATOR", "CREATE_TIME", "UPDATER", "UPDATE_TIME", "DELETED") VALUES ('1224', '租户管理', NULL, '2', '0', '1', 'tenant', 'peoples', NULL, '0', '1', '1', '1', TO_DATE('2022-02-20 01:41:13', 'SYYYY-MM-DD HH24:MI:SS'), '1', TO_DATE('2022-05-12 18:11:34', 'SYYYY-MM-DD HH24:MI:SS'), '0');
INSERT INTO "SYSTEM_MENU" ("ID", "NAME", "PERMISSION", "TYPE", "SORT", "PARENT_ID", "PATH", "ICON", "COMPONENT", "STATUS", "VISIBLE", "KEEP_ALIVE", "CREATOR", "CREATE_TIME", "UPDATER", "UPDATE_TIME", "DELETED") VALUES ('1225', '租户套餐', NULL, '2', '0', '1224', 'package', 'eye', 'system/tenantPackage/index', '0', '1', '1', NULL, TO_DATE('2022-02-19 17:44:06', 'SYYYY-MM-DD HH24:MI:SS'), '1', TO_DATE('2022-04-21 01:21:25', 'SYYYY-MM-DD HH24:MI:SS'), '0');
INSERT INTO "SYSTEM_MENU" ("ID", "NAME", "PERMISSION", "TYPE", "SORT", "PARENT_ID", "PATH", "ICON", "COMPONENT", "STATUS", "VISIBLE", "KEEP_ALIVE", "CREATOR", "CREATE_TIME", "UPDATER", "UPDATE_TIME", "DELETED") VALUES ('1226', '租户套餐查询', 'system:tenant-package:query', '3', '1', '1225', NULL, NULL, NULL, '0', '1', '1', NULL, TO_DATE('2022-02-19 17:44:06', 'SYYYY-MM-DD HH24:MI:SS'), NULL, TO_DATE('2022-04-20 17:03:10', 'SYYYY-MM-DD HH24:MI:SS'), '0');
INSERT INTO "SYSTEM_MENU" ("ID", "NAME", "PERMISSION", "TYPE", "SORT", "PARENT_ID", "PATH", "ICON", "COMPONENT", "STATUS", "VISIBLE", "KEEP_ALIVE", "CREATOR", "CREATE_TIME", "UPDATER", "UPDATE_TIME", "DELETED") VALUES ('1227', '租户套餐创建', 'system:tenant-package:create', '3', '2', '1225', NULL, NULL, NULL, '0', '1', '1', NULL, TO_DATE('2022-02-19 17:44:06', 'SYYYY-MM-DD HH24:MI:SS'), NULL, TO_DATE('2022-04-20 17:03:10', 'SYYYY-MM-DD HH24:MI:SS'), '0');
INSERT INTO "SYSTEM_MENU" ("ID", "NAME", "PERMISSION", "TYPE", "SORT", "PARENT_ID", "PATH", "ICON", "COMPONENT", "STATUS", "VISIBLE", "KEEP_ALIVE", "CREATOR", "CREATE_TIME", "UPDATER", "UPDATE_TIME", "DELETED") VALUES ('1228', '租户套餐更新', 'system:tenant-package:update', '3', '3', '1225', NULL, NULL, NULL, '0', '1', '1', NULL, TO_DATE('2022-02-19 17:44:06', 'SYYYY-MM-DD HH24:MI:SS'), NULL, TO_DATE('2022-04-20 17:03:10', 'SYYYY-MM-DD HH24:MI:SS'), '0');
INSERT INTO "SYSTEM_MENU" ("ID", "NAME", "PERMISSION", "TYPE", "SORT", "PARENT_ID", "PATH", "ICON", "COMPONENT", "STATUS", "VISIBLE", "KEEP_ALIVE", "CREATOR", "CREATE_TIME", "UPDATER", "UPDATE_TIME", "DELETED") VALUES ('1229', '租户套餐删除', 'system:tenant-package:delete', '3', '4', '1225', NULL, NULL, NULL, '0', '1', '1', NULL, TO_DATE('2022-02-19 17:44:06', 'SYYYY-MM-DD HH24:MI:SS'), NULL, TO_DATE('2022-04-20 17:03:10', 'SYYYY-MM-DD HH24:MI:SS'), '0');
INSERT INTO "SYSTEM_MENU" ("ID", "NAME", "PERMISSION", "TYPE", "SORT", "PARENT_ID", "PATH", "ICON", "COMPONENT", "STATUS", "VISIBLE", "KEEP_ALIVE", "CREATOR", "CREATE_TIME", "UPDATER", "UPDATE_TIME", "DELETED") VALUES ('1237', '文件配置', NULL, '2', '0', '1243', 'file-config', 'config', 'infra/fileConfig/index', '0', '1', '1', NULL, TO_DATE('2022-03-15 14:35:28', 'SYYYY-MM-DD HH24:MI:SS'), '1', TO_DATE('2022-04-20 17:03:10', 'SYYYY-MM-DD HH24:MI:SS'), '0');
INSERT INTO "SYSTEM_MENU" ("ID", "NAME", "PERMISSION", "TYPE", "SORT", "PARENT_ID", "PATH", "ICON", "COMPONENT", "STATUS", "VISIBLE", "KEEP_ALIVE", "CREATOR", "CREATE_TIME", "UPDATER", "UPDATE_TIME", "DELETED") VALUES ('1238', '文件配置查询', 'infra:file-config:query', '3', '1', '1237', NULL, NULL, NULL, '0', '1', '1', NULL, TO_DATE('2022-03-15 14:35:28', 'SYYYY-MM-DD HH24:MI:SS'), NULL, TO_DATE('2022-04-20 17:03:10', 'SYYYY-MM-DD HH24:MI:SS'), '0');
INSERT INTO "SYSTEM_MENU" ("ID", "NAME", "PERMISSION", "TYPE", "SORT", "PARENT_ID", "PATH", "ICON", "COMPONENT", "STATUS", "VISIBLE", "KEEP_ALIVE", "CREATOR", "CREATE_TIME", "UPDATER", "UPDATE_TIME", "DELETED") VALUES ('1239', '文件配置创建', 'infra:file-config:create', '3', '2', '1237', NULL, NULL, NULL, '0', '1', '1', NULL, TO_DATE('2022-03-15 14:35:28', 'SYYYY-MM-DD HH24:MI:SS'), NULL, TO_DATE('2022-04-20 17:03:10', 'SYYYY-MM-DD HH24:MI:SS'), '0');
INSERT INTO "SYSTEM_MENU" ("ID", "NAME", "PERMISSION", "TYPE", "SORT", "PARENT_ID", "PATH", "ICON", "COMPONENT", "STATUS", "VISIBLE", "KEEP_ALIVE", "CREATOR", "CREATE_TIME", "UPDATER", "UPDATE_TIME", "DELETED") VALUES ('1240', '文件配置更新', 'infra:file-config:update', '3', '3', '1237', NULL, NULL, NULL, '0', '1', '1', NULL, TO_DATE('2022-03-15 14:35:28', 'SYYYY-MM-DD HH24:MI:SS'), NULL, TO_DATE('2022-04-20 17:03:10', 'SYYYY-MM-DD HH24:MI:SS'), '0');
INSERT INTO "SYSTEM_MENU" ("ID", "NAME", "PERMISSION", "TYPE", "SORT", "PARENT_ID", "PATH", "ICON", "COMPONENT", "STATUS", "VISIBLE", "KEEP_ALIVE", "CREATOR", "CREATE_TIME", "UPDATER", "UPDATE_TIME", "DELETED") VALUES ('1241', '文件配置删除', 'infra:file-config:delete', '3', '4', '1237', NULL, NULL, NULL, '0', '1', '1', NULL, TO_DATE('2022-03-15 14:35:28', 'SYYYY-MM-DD HH24:MI:SS'), NULL, TO_DATE('2022-04-20 17:03:10', 'SYYYY-MM-DD HH24:MI:SS'), '0');
INSERT INTO "SYSTEM_MENU" ("ID", "NAME", "PERMISSION", "TYPE", "SORT", "PARENT_ID", "PATH", "ICON", "COMPONENT", "STATUS", "VISIBLE", "KEEP_ALIVE", "CREATOR", "CREATE_TIME", "UPDATER", "UPDATE_TIME", "DELETED") VALUES ('1242', '文件配置导出', 'infra:file-config:export', '3', '5', '1237', NULL, NULL, NULL, '0', '1', '1', NULL, TO_DATE('2022-03-15 14:35:28', 'SYYYY-MM-DD HH24:MI:SS'), NULL, TO_DATE('2022-04-20 17:03:10', 'SYYYY-MM-DD HH24:MI:SS'), '0');
INSERT INTO "SYSTEM_MENU" ("ID", "NAME", "PERMISSION", "TYPE", "SORT", "PARENT_ID", "PATH", "ICON", "COMPONENT", "STATUS", "VISIBLE", "KEEP_ALIVE", "CREATOR", "CREATE_TIME", "UPDATER", "UPDATE_TIME", "DELETED") VALUES ('1243', '文件管理', NULL, '2', '5', '2', 'file', 'download', NULL, '0', '1', '1', '1', TO_DATE('2022-03-16 23:47:40', 'SYYYY-MM-DD HH24:MI:SS'), '1', TO_DATE('2022-05-12 18:11:34', 'SYYYY-MM-DD HH24:MI:SS'), '0');
INSERT INTO "SYSTEM_MENU" ("ID", "NAME", "PERMISSION", "TYPE", "SORT", "PARENT_ID", "PATH", "ICON", "COMPONENT", "STATUS", "VISIBLE", "KEEP_ALIVE", "CREATOR", "CREATE_TIME", "UPDATER", "UPDATE_TIME", "DELETED") VALUES ('1247', '敏感词管理', NULL, '2', '13', '1', 'sensitive-word', 'education', 'system/sensitiveWord/index', '0', '1', '1', NULL, TO_DATE('2022-04-07 16:55:03', 'SYYYY-MM-DD HH24:MI:SS'), '1', TO_DATE('2022-04-20 17:03:10', 'SYYYY-MM-DD HH24:MI:SS'), '0');
INSERT INTO "SYSTEM_MENU" ("ID", "NAME", "PERMISSION", "TYPE", "SORT", "PARENT_ID", "PATH", "ICON", "COMPONENT", "STATUS", "VISIBLE", "KEEP_ALIVE", "CREATOR", "CREATE_TIME", "UPDATER", "UPDATE_TIME", "DELETED") VALUES ('1248', '敏感词查询', 'system:sensitive-word:query', '3', '1', '1247', NULL, NULL, NULL, '0', '1', '1', NULL, TO_DATE('2022-04-07 16:55:03', 'SYYYY-MM-DD HH24:MI:SS'), NULL, TO_DATE('2022-04-20 17:03:10', 'SYYYY-MM-DD HH24:MI:SS'), '0');
INSERT INTO "SYSTEM_MENU" ("ID", "NAME", "PERMISSION", "TYPE", "SORT", "PARENT_ID", "PATH", "ICON", "COMPONENT", "STATUS", "VISIBLE", "KEEP_ALIVE", "CREATOR", "CREATE_TIME", "UPDATER", "UPDATE_TIME", "DELETED") VALUES ('1249', '敏感词创建', 'system:sensitive-word:create', '3', '2', '1247', NULL, NULL, NULL, '0', '1', '1', NULL, TO_DATE('2022-04-07 16:55:03', 'SYYYY-MM-DD HH24:MI:SS'), NULL, TO_DATE('2022-04-20 17:03:10', 'SYYYY-MM-DD HH24:MI:SS'), '0');
INSERT INTO "SYSTEM_MENU" ("ID", "NAME", "PERMISSION", "TYPE", "SORT", "PARENT_ID", "PATH", "ICON", "COMPONENT", "STATUS", "VISIBLE", "KEEP_ALIVE", "CREATOR", "CREATE_TIME", "UPDATER", "UPDATE_TIME", "DELETED") VALUES ('1250', '敏感词更新', 'system:sensitive-word:update', '3', '3', '1247', NULL, NULL, NULL, '0', '1', '1', NULL, TO_DATE('2022-04-07 16:55:03', 'SYYYY-MM-DD HH24:MI:SS'), NULL, TO_DATE('2022-04-20 17:03:10', 'SYYYY-MM-DD HH24:MI:SS'), '0');
INSERT INTO "SYSTEM_MENU" ("ID", "NAME", "PERMISSION", "TYPE", "SORT", "PARENT_ID", "PATH", "ICON", "COMPONENT", "STATUS", "VISIBLE", "KEEP_ALIVE", "CREATOR", "CREATE_TIME", "UPDATER", "UPDATE_TIME", "DELETED") VALUES ('1251', '敏感词删除', 'system:sensitive-word:delete', '3', '4', '1247', NULL, NULL, NULL, '0', '1', '1', NULL, TO_DATE('2022-04-07 16:55:03', 'SYYYY-MM-DD HH24:MI:SS'), NULL, TO_DATE('2022-04-20 17:03:10', 'SYYYY-MM-DD HH24:MI:SS'), '0');
INSERT INTO "SYSTEM_MENU" ("ID", "NAME", "PERMISSION", "TYPE", "SORT", "PARENT_ID", "PATH", "ICON", "COMPONENT", "STATUS", "VISIBLE", "KEEP_ALIVE", "CREATOR", "CREATE_TIME", "UPDATER", "UPDATE_TIME", "DELETED") VALUES ('1252', '敏感词导出', 'system:sensitive-word:export', '3', '5', '1247', NULL, NULL, NULL, '0', '1', '1', NULL, TO_DATE('2022-04-07 16:55:03', 'SYYYY-MM-DD HH24:MI:SS'), NULL, TO_DATE('2022-04-20 17:03:10', 'SYYYY-MM-DD HH24:MI:SS'), '0');
INSERT INTO "SYSTEM_MENU" ("ID", "NAME", "PERMISSION", "TYPE", "SORT", "PARENT_ID", "PATH", "ICON", "COMPONENT", "STATUS", "VISIBLE", "KEEP_ALIVE", "CREATOR", "CREATE_TIME", "UPDATER", "UPDATE_TIME", "DELETED") VALUES ('1254', '作者动态', NULL, '1', '0', '0', 'https://www.iocoder.cn', 'people', NULL, '0', '1', '1', '1', TO_DATE('2022-04-23 01:03:15', 'SYYYY-MM-DD HH24:MI:SS'), '1', TO_DATE('2022-05-12 18:11:34', 'SYYYY-MM-DD HH24:MI:SS'), '0');
INSERT INTO "SYSTEM_MENU" ("ID", "NAME", "PERMISSION", "TYPE", "SORT", "PARENT_ID", "PATH", "ICON", "COMPONENT", "STATUS", "VISIBLE", "KEEP_ALIVE", "CREATOR", "CREATE_TIME", "UPDATER", "UPDATE_TIME", "DELETED") VALUES ('1255', '数据源配置', NULL, '2', '1', '2', 'data-source-config', 'rate', 'infra/dataSourceConfig/index', '0', '1', '1', NULL, TO_DATE('2022-04-27 14:37:32', 'SYYYY-MM-DD HH24:MI:SS'), '1', TO_DATE('2022-04-27 22:42:06', 'SYYYY-MM-DD HH24:MI:SS'), '0');
INSERT INTO "SYSTEM_MENU" ("ID", "NAME", "PERMISSION", "TYPE", "SORT", "PARENT_ID", "PATH", "ICON", "COMPONENT", "STATUS", "VISIBLE", "KEEP_ALIVE", "CREATOR", "CREATE_TIME", "UPDATER", "UPDATE_TIME", "DELETED") VALUES ('1256', '数据源配置查询', 'infra:data-source-config:query', '3', '1', '1255', NULL, NULL, NULL, '0', '1', '1', NULL, TO_DATE('2022-04-27 14:37:32', 'SYYYY-MM-DD HH24:MI:SS'), NULL, TO_DATE('2022-04-27 14:37:32', 'SYYYY-MM-DD HH24:MI:SS'), '0');
INSERT INTO "SYSTEM_MENU" ("ID", "NAME", "PERMISSION", "TYPE", "SORT", "PARENT_ID", "PATH", "ICON", "COMPONENT", "STATUS", "VISIBLE", "KEEP_ALIVE", "CREATOR", "CREATE_TIME", "UPDATER", "UPDATE_TIME", "DELETED") VALUES ('1257', '数据源配置创建', 'infra:data-source-config:create', '3', '2', '1255', NULL, NULL, NULL, '0', '1', '1', NULL, TO_DATE('2022-04-27 14:37:32', 'SYYYY-MM-DD HH24:MI:SS'), NULL, TO_DATE('2022-04-27 14:37:32', 'SYYYY-MM-DD HH24:MI:SS'), '0');
INSERT INTO "SYSTEM_MENU" ("ID", "NAME", "PERMISSION", "TYPE", "SORT", "PARENT_ID", "PATH", "ICON", "COMPONENT", "STATUS", "VISIBLE", "KEEP_ALIVE", "CREATOR", "CREATE_TIME", "UPDATER", "UPDATE_TIME", "DELETED") VALUES ('1258', '数据源配置更新', 'infra:data-source-config:update', '3', '3', '1255', NULL, NULL, NULL, '0', '1', '1', NULL, TO_DATE('2022-04-27 14:37:32', 'SYYYY-MM-DD HH24:MI:SS'), NULL, TO_DATE('2022-04-27 14:37:32', 'SYYYY-MM-DD HH24:MI:SS'), '0');
INSERT INTO "SYSTEM_MENU" ("ID", "NAME", "PERMISSION", "TYPE", "SORT", "PARENT_ID", "PATH", "ICON", "COMPONENT", "STATUS", "VISIBLE", "KEEP_ALIVE", "CREATOR", "CREATE_TIME", "UPDATER", "UPDATE_TIME", "DELETED") VALUES ('1259', '数据源配置删除', 'infra:data-source-config:delete', '3', '4', '1255', NULL, NULL, NULL, '0', '1', '1', NULL, TO_DATE('2022-04-27 14:37:32', 'SYYYY-MM-DD HH24:MI:SS'), NULL, TO_DATE('2022-04-27 14:37:32', 'SYYYY-MM-DD HH24:MI:SS'), '0');
INSERT INTO "SYSTEM_MENU" ("ID", "NAME", "PERMISSION", "TYPE", "SORT", "PARENT_ID", "PATH", "ICON", "COMPONENT", "STATUS", "VISIBLE", "KEEP_ALIVE", "CREATOR", "CREATE_TIME", "UPDATER", "UPDATE_TIME", "DELETED") VALUES ('1260', '数据源配置导出', 'infra:data-source-config:export', '3', '5', '1255', NULL, NULL, NULL, '0', '1', '1', NULL, TO_DATE('2022-04-27 14:37:32', 'SYYYY-MM-DD HH24:MI:SS'), NULL, TO_DATE('2022-04-27 14:37:32', 'SYYYY-MM-DD HH24:MI:SS'), '0');
INSERT INTO "SYSTEM_MENU" ("ID", "NAME", "PERMISSION", "TYPE", "SORT", "PARENT_ID", "PATH", "ICON", "COMPONENT", "STATUS", "VISIBLE", "KEEP_ALIVE", "CREATOR", "CREATE_TIME", "UPDATER", "UPDATE_TIME", "DELETED") VALUES ('1261', 'OAuth 2.0', NULL, '1', '10', '1', 'oauth2', 'people', NULL, '0', '1', '1', '1', TO_DATE('2022-05-09 23:38:17', 'SYYYY-MM-DD HH24:MI:SS'), '1', TO_DATE('2022-05-12 18:11:34', 'SYYYY-MM-DD HH24:MI:SS'), '0');
INSERT INTO "SYSTEM_MENU" ("ID", "NAME", "PERMISSION", "TYPE", "SORT", "PARENT_ID", "PATH", "ICON", "COMPONENT", "STATUS", "VISIBLE", "KEEP_ALIVE", "CREATOR", "CREATE_TIME", "UPDATER", "UPDATE_TIME", "DELETED") VALUES ('1263', '应用管理', NULL, '2', '0', '1261', 'oauth2/application', 'tool', 'system/oauth2/client/index', '0', '1', '1', NULL, TO_DATE('2022-05-10 16:26:33', 'SYYYY-MM-DD HH24:MI:SS'), '1', TO_DATE('2022-05-11 23:31:36', 'SYYYY-MM-DD HH24:MI:SS'), '0');
INSERT INTO "SYSTEM_MENU" ("ID", "NAME", "PERMISSION", "TYPE", "SORT", "PARENT_ID", "PATH", "ICON", "COMPONENT", "STATUS", "VISIBLE", "KEEP_ALIVE", "CREATOR", "CREATE_TIME", "UPDATER", "UPDATE_TIME", "DELETED") VALUES ('1264', '客户端查询', 'system:oauth2-client:query', '3', '1', '1263', NULL, NULL, NULL, '0', '1', '1', NULL, TO_DATE('2022-05-10 16:26:33', 'SYYYY-MM-DD HH24:MI:SS'), '1', TO_DATE('2022-05-11 00:31:06', 'SYYYY-MM-DD HH24:MI:SS'), '0');
INSERT INTO "SYSTEM_MENU" ("ID", "NAME", "PERMISSION", "TYPE", "SORT", "PARENT_ID", "PATH", "ICON", "COMPONENT", "STATUS", "VISIBLE", "KEEP_ALIVE", "CREATOR", "CREATE_TIME", "UPDATER", "UPDATE_TIME", "DELETED") VALUES ('1265', '客户端创建', 'system:oauth2-client:create', '3', '2', '1263', NULL, NULL, NULL, '0', '1', '1', NULL, TO_DATE('2022-05-10 16:26:33', 'SYYYY-MM-DD HH24:MI:SS'), '1', TO_DATE('2022-05-11 00:31:23', 'SYYYY-MM-DD HH24:MI:SS'), '0');
INSERT INTO "SYSTEM_MENU" ("ID", "NAME", "PERMISSION", "TYPE", "SORT", "PARENT_ID", "PATH", "ICON", "COMPONENT", "STATUS", "VISIBLE", "KEEP_ALIVE", "CREATOR", "CREATE_TIME", "UPDATER", "UPDATE_TIME", "DELETED") VALUES ('1266', '客户端更新', 'system:oauth2-client:update', '3', '3', '1263', NULL, NULL, NULL, '0', '1', '1', NULL, TO_DATE('2022-05-10 16:26:33', 'SYYYY-MM-DD HH24:MI:SS'), '1', TO_DATE('2022-05-11 00:31:28', 'SYYYY-MM-DD HH24:MI:SS'), '0');
INSERT INTO "SYSTEM_MENU" ("ID", "NAME", "PERMISSION", "TYPE", "SORT", "PARENT_ID", "PATH", "ICON", "COMPONENT", "STATUS", "VISIBLE", "KEEP_ALIVE", "CREATOR", "CREATE_TIME", "UPDATER", "UPDATE_TIME", "DELETED") VALUES ('1267', '客户端删除', 'system:oauth2-client:delete', '3', '4', '1263', NULL, NULL, NULL, '0', '1', '1', NULL, TO_DATE('2022-05-10 16:26:33', 'SYYYY-MM-DD HH24:MI:SS'), '1', TO_DATE('2022-05-11 00:31:33', 'SYYYY-MM-DD HH24:MI:SS'), '0');
COMMIT;
COMMIT;

INSERT INTO "SYSTEM_POST" ("ID", "CODE", "NAME", "SORT", "STATUS", "REMARK", "CREATOR", "CREATE_TIME", "UPDATER", "UPDATE_TIME", "TENANT_ID", "DELETED") VALUES ('1', 'ceo', '董事长', '1', '0', NULL, 'admin', TO_DATE('2021-01-05 17:03:48', 'SYYYY-MM-DD HH24:MI:SS'), '1', TO_DATE('2022-02-04 17:50:40', 'SYYYY-MM-DD HH24:MI:SS'), '1', '0');
INSERT INTO "SYSTEM_POST" ("ID", "CODE", "NAME", "SORT", "STATUS", "REMARK", "CREATOR", "CREATE_TIME", "UPDATER", "UPDATE_TIME", "TENANT_ID", "DELETED") VALUES ('2', 'se', '项目经理', '2', '0', NULL, 'admin', TO_DATE('2021-01-05 17:03:48', 'SYYYY-MM-DD HH24:MI:SS'), '1', TO_DATE('2021-12-12 10:47:47', 'SYYYY-MM-DD HH24:MI:SS'), '1', '0');
INSERT INTO "SYSTEM_POST" ("ID", "CODE", "NAME", "SORT", "STATUS", "REMARK", "CREATOR", "CREATE_TIME", "UPDATER", "UPDATE_TIME", "TENANT_ID", "DELETED") VALUES ('3', 'hr', '人力资源', '3', '0', NULL, 'admin', TO_DATE('2021-01-05 17:03:48', 'SYYYY-MM-DD HH24:MI:SS'), NULL, TO_DATE('2021-12-12 10:47:50', 'SYYYY-MM-DD HH24:MI:SS'), '1', '0');
INSERT INTO "SYSTEM_POST" ("ID", "CODE", "NAME", "SORT", "STATUS", "REMARK", "CREATOR", "CREATE_TIME", "UPDATER", "UPDATE_TIME", "TENANT_ID", "DELETED") VALUES ('4', 'user', '普通员工', '4', '0', NULL, 'admin', TO_DATE('2021-01-05 17:03:48', 'SYYYY-MM-DD HH24:MI:SS'), NULL, TO_DATE('2021-12-12 10:47:51', 'SYYYY-MM-DD HH24:MI:SS'), '1', '0');
COMMIT;
COMMIT;

INSERT INTO "SYSTEM_ROLE" ("ID", "NAME", "CODE", "SORT", "DATA_SCOPE", "DATA_SCOPE_DEPT_IDS", "STATUS", "TYPE", "REMARK", "CREATOR", "CREATE_TIME", "UPDATER", "UPDATE_TIME", "TENANT_ID", "DELETED") VALUES ('1', '超级管理员', 'super_admin', '1', '1', NULL, '0', '1', '超级管理员', 'admin', TO_DATE('2021-01-05 17:03:48', 'SYYYY-MM-DD HH24:MI:SS'), NULL, TO_DATE('2022-02-22 05:08:21', 'SYYYY-MM-DD HH24:MI:SS'), '1', '0');
INSERT INTO "SYSTEM_ROLE" ("ID", "NAME", "CODE", "SORT", "DATA_SCOPE", "DATA_SCOPE_DEPT_IDS", "STATUS", "TYPE", "REMARK", "CREATOR", "CREATE_TIME", "UPDATER", "UPDATE_TIME", "TENANT_ID", "DELETED") VALUES ('2', '普通角色', 'common', '2', '2', NULL, '0', '1', '普通角色', 'admin', TO_DATE('2021-01-05 17:03:48', 'SYYYY-MM-DD HH24:MI:SS'), NULL, TO_DATE('2022-02-22 05:08:20', 'SYYYY-MM-DD HH24:MI:SS'), '1', '0');
INSERT INTO "SYSTEM_ROLE" ("ID", "NAME", "CODE", "SORT", "DATA_SCOPE", "DATA_SCOPE_DEPT_IDS", "STATUS", "TYPE", "REMARK", "CREATOR", "CREATE_TIME", "UPDATER", "UPDATE_TIME", "TENANT_ID", "DELETED") VALUES ('101', '测试账号', 'test', '0', '1', '[]', '0', '2', '132', NULL, TO_DATE('2021-01-06 13:49:35', 'SYYYY-MM-DD HH24:MI:SS'), '1', TO_DATE('2022-03-19 22:00:41', 'SYYYY-MM-DD HH24:MI:SS'), '1', '0');
INSERT INTO "SYSTEM_ROLE" ("ID", "NAME", "CODE", "SORT", "DATA_SCOPE", "DATA_SCOPE_DEPT_IDS", "STATUS", "TYPE", "REMARK", "CREATOR", "CREATE_TIME", "UPDATER", "UPDATE_TIME", "TENANT_ID", "DELETED") VALUES ('109', '租户管理员', 'tenant_admin', '0', '1', NULL, '0', '1', '系统自动生成', '1', TO_DATE('2022-02-22 00:56:14', 'SYYYY-MM-DD HH24:MI:SS'), '1', TO_DATE('2022-02-22 00:56:14', 'SYYYY-MM-DD HH24:MI:SS'), '121', '0');
INSERT INTO "SYSTEM_ROLE" ("ID", "NAME", "CODE", "SORT", "DATA_SCOPE", "DATA_SCOPE_DEPT_IDS", "STATUS", "TYPE", "REMARK", "CREATOR", "CREATE_TIME", "UPDATER", "UPDATE_TIME", "TENANT_ID", "DELETED") VALUES ('110', '测试角色', 'test', '0', '1', '[]', '0', '2', '嘿嘿', '110', TO_DATE('2022-02-23 00:14:34', 'SYYYY-MM-DD HH24:MI:SS'), '110', TO_DATE('2022-02-23 13:14:58', 'SYYYY-MM-DD HH24:MI:SS'), '121', '0');
INSERT INTO "SYSTEM_ROLE" ("ID", "NAME", "CODE", "SORT", "DATA_SCOPE", "DATA_SCOPE_DEPT_IDS", "STATUS", "TYPE", "REMARK", "CREATOR", "CREATE_TIME", "UPDATER", "UPDATE_TIME", "TENANT_ID", "DELETED") VALUES ('111', '租户管理员', 'tenant_admin', '0', '1', NULL, '0', '1', '系统自动生成', '1', TO_DATE('2022-03-07 21:37:58', 'SYYYY-MM-DD HH24:MI:SS'), '1', TO_DATE('2022-03-07 21:37:58', 'SYYYY-MM-DD HH24:MI:SS'), '122', '0');
COMMIT;
COMMIT;

INSERT INTO "SYSTEM_ROLE_MENU" ("ID", "ROLE_ID", "MENU_ID", "CREATOR", "CREATE_TIME", "UPDATER", "UPDATE_TIME", "TENANT_ID", "DELETED") VALUES ('434', '2', '1', '1', TO_DATE('2022-02-22 13:09:12', 'SYYYY-MM-DD HH24:MI:SS'), '1', TO_DATE('2022-02-22 13:09:12', 'SYYYY-MM-DD HH24:MI:SS'), '1', '0');
INSERT INTO "SYSTEM_ROLE_MENU" ("ID", "ROLE_ID", "MENU_ID", "CREATOR", "CREATE_TIME", "UPDATER", "UPDATE_TIME", "TENANT_ID", "DELETED") VALUES ('454', '2', '1093', '1', TO_DATE('2022-02-22 13:09:12', 'SYYYY-MM-DD HH24:MI:SS'), '1', TO_DATE('2022-02-22 13:09:12', 'SYYYY-MM-DD HH24:MI:SS'), '1', '0');
INSERT INTO "SYSTEM_ROLE_MENU" ("ID", "ROLE_ID", "MENU_ID", "CREATOR", "CREATE_TIME", "UPDATER", "UPDATE_TIME", "TENANT_ID", "DELETED") VALUES ('455', '2', '1094', '1', TO_DATE('2022-02-22 13:09:12', 'SYYYY-MM-DD HH24:MI:SS'), '1', TO_DATE('2022-02-22 13:09:12', 'SYYYY-MM-DD HH24:MI:SS'), '1', '0');
INSERT INTO "SYSTEM_ROLE_MENU" ("ID", "ROLE_ID", "MENU_ID", "CREATOR", "CREATE_TIME", "UPDATER", "UPDATE_TIME", "TENANT_ID", "DELETED") VALUES ('460', '2', '1100', '1', TO_DATE('2022-02-22 13:09:12', 'SYYYY-MM-DD HH24:MI:SS'), '1', TO_DATE('2022-02-22 13:09:12', 'SYYYY-MM-DD HH24:MI:SS'), '1', '0');
INSERT INTO "SYSTEM_ROLE_MENU" ("ID", "ROLE_ID", "MENU_ID", "CREATOR", "CREATE_TIME", "UPDATER", "UPDATE_TIME", "TENANT_ID", "DELETED") VALUES ('467', '2', '1107', '1', TO_DATE('2022-02-22 13:09:12', 'SYYYY-MM-DD HH24:MI:SS'), '1', TO_DATE('2022-02-22 13:09:12', 'SYYYY-MM-DD HH24:MI:SS'), '1', '0');
INSERT INTO "SYSTEM_ROLE_MENU" ("ID", "ROLE_ID", "MENU_ID", "CREATOR", "CREATE_TIME", "UPDATER", "UPDATE_TIME", "TENANT_ID", "DELETED") VALUES ('470', '2', '1110', '1', TO_DATE('2022-02-22 13:09:12', 'SYYYY-MM-DD HH24:MI:SS'), '1', TO_DATE('2022-02-22 13:09:12', 'SYYYY-MM-DD HH24:MI:SS'), '1', '0');
INSERT INTO "SYSTEM_ROLE_MENU" ("ID", "ROLE_ID", "MENU_ID", "CREATOR", "CREATE_TIME", "UPDATER", "UPDATE_TIME", "TENANT_ID", "DELETED") VALUES ('476', '2', '1117', '1', TO_DATE('2022-02-22 13:09:12', 'SYYYY-MM-DD HH24:MI:SS'), '1', TO_DATE('2022-02-22 13:09:12', 'SYYYY-MM-DD HH24:MI:SS'), '1', '0');
INSERT INTO "SYSTEM_ROLE_MENU" ("ID", "ROLE_ID", "MENU_ID", "CREATOR", "CREATE_TIME", "UPDATER", "UPDATE_TIME", "TENANT_ID", "DELETED") VALUES ('477', '2', '100', '1', TO_DATE('2022-02-22 13:09:12', 'SYYYY-MM-DD HH24:MI:SS'), '1', TO_DATE('2022-02-22 13:09:12', 'SYYYY-MM-DD HH24:MI:SS'), '1', '0');
INSERT INTO "SYSTEM_ROLE_MENU" ("ID", "ROLE_ID", "MENU_ID", "CREATOR", "CREATE_TIME", "UPDATER", "UPDATE_TIME", "TENANT_ID", "DELETED") VALUES ('478', '2', '101', '1', TO_DATE('2022-02-22 13:09:12', 'SYYYY-MM-DD HH24:MI:SS'), '1', TO_DATE('2022-02-22 13:09:12', 'SYYYY-MM-DD HH24:MI:SS'), '1', '0');
INSERT INTO "SYSTEM_ROLE_MENU" ("ID", "ROLE_ID", "MENU_ID", "CREATOR", "CREATE_TIME", "UPDATER", "UPDATE_TIME", "TENANT_ID", "DELETED") VALUES ('479', '2', '102', '1', TO_DATE('2022-02-22 13:09:12', 'SYYYY-MM-DD HH24:MI:SS'), '1', TO_DATE('2022-02-22 13:09:12', 'SYYYY-MM-DD HH24:MI:SS'), '1', '0');
INSERT INTO "SYSTEM_ROLE_MENU" ("ID", "ROLE_ID", "MENU_ID", "CREATOR", "CREATE_TIME", "UPDATER", "UPDATE_TIME", "TENANT_ID", "DELETED") VALUES ('480', '2', '1126', '1', TO_DATE('2022-02-22 13:09:12', 'SYYYY-MM-DD HH24:MI:SS'), '1', TO_DATE('2022-02-22 13:09:12', 'SYYYY-MM-DD HH24:MI:SS'), '1', '0');
INSERT INTO "SYSTEM_ROLE_MENU" ("ID", "ROLE_ID", "MENU_ID", "CREATOR", "CREATE_TIME", "UPDATER", "UPDATE_TIME", "TENANT_ID", "DELETED") VALUES ('481', '2', '103', '1', TO_DATE('2022-02-22 13:09:12', 'SYYYY-MM-DD HH24:MI:SS'), '1', TO_DATE('2022-02-22 13:09:12', 'SYYYY-MM-DD HH24:MI:SS'), '1', '0');
INSERT INTO "SYSTEM_ROLE_MENU" ("ID", "ROLE_ID", "MENU_ID", "CREATOR", "CREATE_TIME", "UPDATER", "UPDATE_TIME", "TENANT_ID", "DELETED") VALUES ('483', '2', '104', '1', TO_DATE('2022-02-22 13:09:12', 'SYYYY-MM-DD HH24:MI:SS'), '1', TO_DATE('2022-02-22 13:09:12', 'SYYYY-MM-DD HH24:MI:SS'), '1', '0');
INSERT INTO "SYSTEM_ROLE_MENU" ("ID", "ROLE_ID", "MENU_ID", "CREATOR", "CREATE_TIME", "UPDATER", "UPDATE_TIME", "TENANT_ID", "DELETED") VALUES ('485', '2', '105', '1', TO_DATE('2022-02-22 13:09:12', 'SYYYY-MM-DD HH24:MI:SS'), '1', TO_DATE('2022-02-22 13:09:12', 'SYYYY-MM-DD HH24:MI:SS'), '1', '0');
INSERT INTO "SYSTEM_ROLE_MENU" ("ID", "ROLE_ID", "MENU_ID", "CREATOR", "CREATE_TIME", "UPDATER", "UPDATE_TIME", "TENANT_ID", "DELETED") VALUES ('488', '2', '107', '1', TO_DATE('2022-02-22 13:09:12', 'SYYYY-MM-DD HH24:MI:SS'), '1', TO_DATE('2022-02-22 13:09:12', 'SYYYY-MM-DD HH24:MI:SS'), '1', '0');
INSERT INTO "SYSTEM_ROLE_MENU" ("ID", "ROLE_ID", "MENU_ID", "CREATOR", "CREATE_TIME", "UPDATER", "UPDATE_TIME", "TENANT_ID", "DELETED") VALUES ('490', '2', '108', '1', TO_DATE('2022-02-22 13:09:12', 'SYYYY-MM-DD HH24:MI:SS'), '1', TO_DATE('2022-02-22 13:09:12', 'SYYYY-MM-DD HH24:MI:SS'), '1', '0');
INSERT INTO "SYSTEM_ROLE_MENU" ("ID", "ROLE_ID", "MENU_ID", "CREATOR", "CREATE_TIME", "UPDATER", "UPDATE_TIME", "TENANT_ID", "DELETED") VALUES ('492', '2', '109', '1', TO_DATE('2022-02-22 13:09:12', 'SYYYY-MM-DD HH24:MI:SS'), '1', TO_DATE('2022-02-22 13:09:12', 'SYYYY-MM-DD HH24:MI:SS'), '1', '0');
INSERT INTO "SYSTEM_ROLE_MENU" ("ID", "ROLE_ID", "MENU_ID", "CREATOR", "CREATE_TIME", "UPDATER", "UPDATE_TIME", "TENANT_ID", "DELETED") VALUES ('498', '2', '1138', '1', TO_DATE('2022-02-22 13:09:12', 'SYYYY-MM-DD HH24:MI:SS'), '1', TO_DATE('2022-02-22 13:09:12', 'SYYYY-MM-DD HH24:MI:SS'), '1', '0');
INSERT INTO "SYSTEM_ROLE_MENU" ("ID", "ROLE_ID", "MENU_ID", "CREATOR", "CREATE_TIME", "UPDATER", "UPDATE_TIME", "TENANT_ID", "DELETED") VALUES ('523', '2', '1224', '1', TO_DATE('2022-02-22 13:09:12', 'SYYYY-MM-DD HH24:MI:SS'), '1', TO_DATE('2022-02-22 13:09:12', 'SYYYY-MM-DD HH24:MI:SS'), '1', '0');
INSERT INTO "SYSTEM_ROLE_MENU" ("ID", "ROLE_ID", "MENU_ID", "CREATOR", "CREATE_TIME", "UPDATER", "UPDATE_TIME", "TENANT_ID", "DELETED") VALUES ('524', '2', '1225', '1', TO_DATE('2022-02-22 13:09:12', 'SYYYY-MM-DD HH24:MI:SS'), '1', TO_DATE('2022-02-22 13:09:12', 'SYYYY-MM-DD HH24:MI:SS'), '1', '0');
INSERT INTO "SYSTEM_ROLE_MENU" ("ID", "ROLE_ID", "MENU_ID", "CREATOR", "CREATE_TIME", "UPDATER", "UPDATE_TIME", "TENANT_ID", "DELETED") VALUES ('541', '2', '500', '1', TO_DATE('2022-02-22 13:09:12', 'SYYYY-MM-DD HH24:MI:SS'), '1', TO_DATE('2022-02-22 13:09:12', 'SYYYY-MM-DD HH24:MI:SS'), '1', '0');
INSERT INTO "SYSTEM_ROLE_MENU" ("ID", "ROLE_ID", "MENU_ID", "CREATOR", "CREATE_TIME", "UPDATER", "UPDATE_TIME", "TENANT_ID", "DELETED") VALUES ('543', '2', '501', '1', TO_DATE('2022-02-22 13:09:12', 'SYYYY-MM-DD HH24:MI:SS'), '1', TO_DATE('2022-02-22 13:09:12', 'SYYYY-MM-DD HH24:MI:SS'), '1', '0');
INSERT INTO "SYSTEM_ROLE_MENU" ("ID", "ROLE_ID", "MENU_ID", "CREATOR", "CREATE_TIME", "UPDATER", "UPDATE_TIME", "TENANT_ID", "DELETED") VALUES ('675', '2', '2', '1', TO_DATE('2022-02-22 13:16:57', 'SYYYY-MM-DD HH24:MI:SS'), '1', TO_DATE('2022-02-22 13:16:57', 'SYYYY-MM-DD HH24:MI:SS'), '1', '0');
INSERT INTO "SYSTEM_ROLE_MENU" ("ID", "ROLE_ID", "MENU_ID", "CREATOR", "CREATE_TIME", "UPDATER", "UPDATE_TIME", "TENANT_ID", "DELETED") VALUES ('689', '2', '1077', '1', TO_DATE('2022-02-22 13:16:57', 'SYYYY-MM-DD HH24:MI:SS'), '1', TO_DATE('2022-02-22 13:16:57', 'SYYYY-MM-DD HH24:MI:SS'), '1', '0');
INSERT INTO "SYSTEM_ROLE_MENU" ("ID", "ROLE_ID", "MENU_ID", "CREATOR", "CREATE_TIME", "UPDATER", "UPDATE_TIME", "TENANT_ID", "DELETED") VALUES ('690', '2', '1078', '1', TO_DATE('2022-02-22 13:16:57', 'SYYYY-MM-DD HH24:MI:SS'), '1', TO_DATE('2022-02-22 13:16:57', 'SYYYY-MM-DD HH24:MI:SS'), '1', '0');
INSERT INTO "SYSTEM_ROLE_MENU" ("ID", "ROLE_ID", "MENU_ID", "CREATOR", "CREATE_TIME", "UPDATER", "UPDATE_TIME", "TENANT_ID", "DELETED") VALUES ('692', '2', '1083', '1', TO_DATE('2022-02-22 13:16:57', 'SYYYY-MM-DD HH24:MI:SS'), '1', TO_DATE('2022-02-22 13:16:57', 'SYYYY-MM-DD HH24:MI:SS'), '1', '0');
INSERT INTO "SYSTEM_ROLE_MENU" ("ID", "ROLE_ID", "MENU_ID", "CREATOR", "CREATE_TIME", "UPDATER", "UPDATE_TIME", "TENANT_ID", "DELETED") VALUES ('693', '2', '1084', '1', TO_DATE('2022-02-22 13:16:57', 'SYYYY-MM-DD HH24:MI:SS'), '1', TO_DATE('2022-02-22 13:16:57', 'SYYYY-MM-DD HH24:MI:SS'), '1', '0');
INSERT INTO "SYSTEM_ROLE_MENU" ("ID", "ROLE_ID", "MENU_ID", "CREATOR", "CREATE_TIME", "UPDATER", "UPDATE_TIME", "TENANT_ID", "DELETED") VALUES ('699', '2', '1090', '1', TO_DATE('2022-02-22 13:16:57', 'SYYYY-MM-DD HH24:MI:SS'), '1', TO_DATE('2022-02-22 13:16:57', 'SYYYY-MM-DD HH24:MI:SS'), '1', '0');
INSERT INTO "SYSTEM_ROLE_MENU" ("ID", "ROLE_ID", "MENU_ID", "CREATOR", "CREATE_TIME", "UPDATER", "UPDATE_TIME", "TENANT_ID", "DELETED") VALUES ('702', '2', '1116', '1', TO_DATE('2022-02-22 13:16:57', 'SYYYY-MM-DD HH24:MI:SS'), '1', TO_DATE('2022-02-22 13:16:57', 'SYYYY-MM-DD HH24:MI:SS'), '1', '0');
INSERT INTO "SYSTEM_ROLE_MENU" ("ID", "ROLE_ID", "MENU_ID", "CREATOR", "CREATE_TIME", "UPDATER", "UPDATE_TIME", "TENANT_ID", "DELETED") VALUES ('703', '2', '106', '1', TO_DATE('2022-02-22 13:16:57', 'SYYYY-MM-DD HH24:MI:SS'), '1', TO_DATE('2022-02-22 13:16:57', 'SYYYY-MM-DD HH24:MI:SS'), '1', '0');
INSERT INTO "SYSTEM_ROLE_MENU" ("ID", "ROLE_ID", "MENU_ID", "CREATOR", "CREATE_TIME", "UPDATER", "UPDATE_TIME", "TENANT_ID", "DELETED") VALUES ('704', '2', '110', '1', TO_DATE('2022-02-22 13:16:57', 'SYYYY-MM-DD HH24:MI:SS'), '1', TO_DATE('2022-02-22 13:16:57', 'SYYYY-MM-DD HH24:MI:SS'), '1', '0');
INSERT INTO "SYSTEM_ROLE_MENU" ("ID", "ROLE_ID", "MENU_ID", "CREATOR", "CREATE_TIME", "UPDATER", "UPDATE_TIME", "TENANT_ID", "DELETED") VALUES ('705', '2', '111', '1', TO_DATE('2022-02-22 13:16:57', 'SYYYY-MM-DD HH24:MI:SS'), '1', TO_DATE('2022-02-22 13:16:57', 'SYYYY-MM-DD HH24:MI:SS'), '1', '0');
INSERT INTO "SYSTEM_ROLE_MENU" ("ID", "ROLE_ID", "MENU_ID", "CREATOR", "CREATE_TIME", "UPDATER", "UPDATE_TIME", "TENANT_ID", "DELETED") VALUES ('706', '2', '112', '1', TO_DATE('2022-02-22 13:16:57', 'SYYYY-MM-DD HH24:MI:SS'), '1', TO_DATE('2022-02-22 13:16:57', 'SYYYY-MM-DD HH24:MI:SS'), '1', '0');
INSERT INTO "SYSTEM_ROLE_MENU" ("ID", "ROLE_ID", "MENU_ID", "CREATOR", "CREATE_TIME", "UPDATER", "UPDATE_TIME", "TENANT_ID", "DELETED") VALUES ('707', '2', '113', '1', TO_DATE('2022-02-22 13:16:57', 'SYYYY-MM-DD HH24:MI:SS'), '1', TO_DATE('2022-02-22 13:16:57', 'SYYYY-MM-DD HH24:MI:SS'), '1', '0');
INSERT INTO "SYSTEM_ROLE_MENU" ("ID", "ROLE_ID", "MENU_ID", "CREATOR", "CREATE_TIME", "UPDATER", "UPDATE_TIME", "TENANT_ID", "DELETED") VALUES ('263', '109', '1', '1', TO_DATE('2022-02-22 00:56:14', 'SYYYY-MM-DD HH24:MI:SS'), '1', TO_DATE('2022-02-22 00:56:14', 'SYYYY-MM-DD HH24:MI:SS'), '121', '0');
INSERT INTO "SYSTEM_ROLE_MENU" ("ID", "ROLE_ID", "MENU_ID", "CREATOR", "CREATE_TIME", "UPDATER", "UPDATE_TIME", "TENANT_ID", "DELETED") VALUES ('1486', '109', '103', '1', TO_DATE('2022-02-23 19:32:14', 'SYYYY-MM-DD HH24:MI:SS'), '1', TO_DATE('2022-02-23 19:32:14', 'SYYYY-MM-DD HH24:MI:SS'), '121', '0');
INSERT INTO "SYSTEM_ROLE_MENU" ("ID", "ROLE_ID", "MENU_ID", "CREATOR", "CREATE_TIME", "UPDATER", "UPDATE_TIME", "TENANT_ID", "DELETED") VALUES ('1487', '109', '104', '1', TO_DATE('2022-02-23 19:32:14', 'SYYYY-MM-DD HH24:MI:SS'), '1', TO_DATE('2022-02-23 19:32:14', 'SYYYY-MM-DD HH24:MI:SS'), '121', '0');
INSERT INTO "SYSTEM_ROLE_MENU" ("ID", "ROLE_ID", "MENU_ID", "CREATOR", "CREATE_TIME", "UPDATER", "UPDATE_TIME", "TENANT_ID", "DELETED") VALUES ('1489', '1', '1', '1', TO_DATE('2022-02-23 20:03:57', 'SYYYY-MM-DD HH24:MI:SS'), '1', TO_DATE('2022-02-23 20:03:57', 'SYYYY-MM-DD HH24:MI:SS'), '1', '0');
INSERT INTO "SYSTEM_ROLE_MENU" ("ID", "ROLE_ID", "MENU_ID", "CREATOR", "CREATE_TIME", "UPDATER", "UPDATE_TIME", "TENANT_ID", "DELETED") VALUES ('1490', '1', '2', '1', TO_DATE('2022-02-23 20:03:57', 'SYYYY-MM-DD HH24:MI:SS'), '1', TO_DATE('2022-02-23 20:03:57', 'SYYYY-MM-DD HH24:MI:SS'), '1', '0');
INSERT INTO "SYSTEM_ROLE_MENU" ("ID", "ROLE_ID", "MENU_ID", "CREATOR", "CREATE_TIME", "UPDATER", "UPDATE_TIME", "TENANT_ID", "DELETED") VALUES ('1494', '1', '1077', '1', TO_DATE('2022-02-23 20:03:57', 'SYYYY-MM-DD HH24:MI:SS'), '1', TO_DATE('2022-02-23 20:03:57', 'SYYYY-MM-DD HH24:MI:SS'), '1', '0');
INSERT INTO "SYSTEM_ROLE_MENU" ("ID", "ROLE_ID", "MENU_ID", "CREATOR", "CREATE_TIME", "UPDATER", "UPDATE_TIME", "TENANT_ID", "DELETED") VALUES ('1495', '1', '1078', '1', TO_DATE('2022-02-23 20:03:57', 'SYYYY-MM-DD HH24:MI:SS'), '1', TO_DATE('2022-02-23 20:03:57', 'SYYYY-MM-DD HH24:MI:SS'), '1', '0');
INSERT INTO "SYSTEM_ROLE_MENU" ("ID", "ROLE_ID", "MENU_ID", "CREATOR", "CREATE_TIME", "UPDATER", "UPDATE_TIME", "TENANT_ID", "DELETED") VALUES ('1496', '1', '1083', '1', TO_DATE('2022-02-23 20:03:57', 'SYYYY-MM-DD HH24:MI:SS'), '1', TO_DATE('2022-02-23 20:03:57', 'SYYYY-MM-DD HH24:MI:SS'), '1', '0');
INSERT INTO "SYSTEM_ROLE_MENU" ("ID", "ROLE_ID", "MENU_ID", "CREATOR", "CREATE_TIME", "UPDATER", "UPDATE_TIME", "TENANT_ID", "DELETED") VALUES ('1497', '1', '1084', '1', TO_DATE('2022-02-23 20:03:57', 'SYYYY-MM-DD HH24:MI:SS'), '1', TO_DATE('2022-02-23 20:03:57', 'SYYYY-MM-DD HH24:MI:SS'), '1', '0');
INSERT INTO "SYSTEM_ROLE_MENU" ("ID", "ROLE_ID", "MENU_ID", "CREATOR", "CREATE_TIME", "UPDATER", "UPDATE_TIME", "TENANT_ID", "DELETED") VALUES ('1498', '1', '1090', '1', TO_DATE('2022-02-23 20:03:57', 'SYYYY-MM-DD HH24:MI:SS'), '1', TO_DATE('2022-02-23 20:03:57', 'SYYYY-MM-DD HH24:MI:SS'), '1', '0');
INSERT INTO "SYSTEM_ROLE_MENU" ("ID", "ROLE_ID", "MENU_ID", "CREATOR", "CREATE_TIME", "UPDATER", "UPDATE_TIME", "TENANT_ID", "DELETED") VALUES ('1499', '1', '1093', '1', TO_DATE('2022-02-23 20:03:57', 'SYYYY-MM-DD HH24:MI:SS'), '1', TO_DATE('2022-02-23 20:03:57', 'SYYYY-MM-DD HH24:MI:SS'), '1', '0');
INSERT INTO "SYSTEM_ROLE_MENU" ("ID", "ROLE_ID", "MENU_ID", "CREATOR", "CREATE_TIME", "UPDATER", "UPDATE_TIME", "TENANT_ID", "DELETED") VALUES ('1500', '1', '1094', '1', TO_DATE('2022-02-23 20:03:57', 'SYYYY-MM-DD HH24:MI:SS'), '1', TO_DATE('2022-02-23 20:03:57', 'SYYYY-MM-DD HH24:MI:SS'), '1', '0');
INSERT INTO "SYSTEM_ROLE_MENU" ("ID", "ROLE_ID", "MENU_ID", "CREATOR", "CREATE_TIME", "UPDATER", "UPDATE_TIME", "TENANT_ID", "DELETED") VALUES ('1501', '1', '1100', '1', TO_DATE('2022-02-23 20:03:57', 'SYYYY-MM-DD HH24:MI:SS'), '1', TO_DATE('2022-02-23 20:03:57', 'SYYYY-MM-DD HH24:MI:SS'), '1', '0');
INSERT INTO "SYSTEM_ROLE_MENU" ("ID", "ROLE_ID", "MENU_ID", "CREATOR", "CREATE_TIME", "UPDATER", "UPDATE_TIME", "TENANT_ID", "DELETED") VALUES ('1502', '1', '1107', '1', TO_DATE('2022-02-23 20:03:57', 'SYYYY-MM-DD HH24:MI:SS'), '1', TO_DATE('2022-02-23 20:03:57', 'SYYYY-MM-DD HH24:MI:SS'), '1', '0');
INSERT INTO "SYSTEM_ROLE_MENU" ("ID", "ROLE_ID", "MENU_ID", "CREATOR", "CREATE_TIME", "UPDATER", "UPDATE_TIME", "TENANT_ID", "DELETED") VALUES ('1503', '1', '1110', '1', TO_DATE('2022-02-23 20:03:57', 'SYYYY-MM-DD HH24:MI:SS'), '1', TO_DATE('2022-02-23 20:03:57', 'SYYYY-MM-DD HH24:MI:SS'), '1', '0');
INSERT INTO "SYSTEM_ROLE_MENU" ("ID", "ROLE_ID", "MENU_ID", "CREATOR", "CREATE_TIME", "UPDATER", "UPDATE_TIME", "TENANT_ID", "DELETED") VALUES ('1504', '1', '1116', '1', TO_DATE('2022-02-23 20:03:57', 'SYYYY-MM-DD HH24:MI:SS'), '1', TO_DATE('2022-02-23 20:03:57', 'SYYYY-MM-DD HH24:MI:SS'), '1', '0');
INSERT INTO "SYSTEM_ROLE_MENU" ("ID", "ROLE_ID", "MENU_ID", "CREATOR", "CREATE_TIME", "UPDATER", "UPDATE_TIME", "TENANT_ID", "DELETED") VALUES ('1505', '1', '1117', '1', TO_DATE('2022-02-23 20:03:57', 'SYYYY-MM-DD HH24:MI:SS'), '1', TO_DATE('2022-02-23 20:03:57', 'SYYYY-MM-DD HH24:MI:SS'), '1', '0');
INSERT INTO "SYSTEM_ROLE_MENU" ("ID", "ROLE_ID", "MENU_ID", "CREATOR", "CREATE_TIME", "UPDATER", "UPDATE_TIME", "TENANT_ID", "DELETED") VALUES ('1506', '1', '100', '1', TO_DATE('2022-02-23 20:03:57', 'SYYYY-MM-DD HH24:MI:SS'), '1', TO_DATE('2022-02-23 20:03:57', 'SYYYY-MM-DD HH24:MI:SS'), '1', '0');
INSERT INTO "SYSTEM_ROLE_MENU" ("ID", "ROLE_ID", "MENU_ID", "CREATOR", "CREATE_TIME", "UPDATER", "UPDATE_TIME", "TENANT_ID", "DELETED") VALUES ('1507', '1', '101', '1', TO_DATE('2022-02-23 20:03:57', 'SYYYY-MM-DD HH24:MI:SS'), '1', TO_DATE('2022-02-23 20:03:57', 'SYYYY-MM-DD HH24:MI:SS'), '1', '0');
INSERT INTO "SYSTEM_ROLE_MENU" ("ID", "ROLE_ID", "MENU_ID", "CREATOR", "CREATE_TIME", "UPDATER", "UPDATE_TIME", "TENANT_ID", "DELETED") VALUES ('1508', '1', '102', '1', TO_DATE('2022-02-23 20:03:57', 'SYYYY-MM-DD HH24:MI:SS'), '1', TO_DATE('2022-02-23 20:03:57', 'SYYYY-MM-DD HH24:MI:SS'), '1', '0');
INSERT INTO "SYSTEM_ROLE_MENU" ("ID", "ROLE_ID", "MENU_ID", "CREATOR", "CREATE_TIME", "UPDATER", "UPDATE_TIME", "TENANT_ID", "DELETED") VALUES ('1509', '1', '1126', '1', TO_DATE('2022-02-23 20:03:57', 'SYYYY-MM-DD HH24:MI:SS'), '1', TO_DATE('2022-02-23 20:03:57', 'SYYYY-MM-DD HH24:MI:SS'), '1', '0');
INSERT INTO "SYSTEM_ROLE_MENU" ("ID", "ROLE_ID", "MENU_ID", "CREATOR", "CREATE_TIME", "UPDATER", "UPDATE_TIME", "TENANT_ID", "DELETED") VALUES ('1510', '1', '103', '1', TO_DATE('2022-02-23 20:03:57', 'SYYYY-MM-DD HH24:MI:SS'), '1', TO_DATE('2022-02-23 20:03:57', 'SYYYY-MM-DD HH24:MI:SS'), '1', '0');
INSERT INTO "SYSTEM_ROLE_MENU" ("ID", "ROLE_ID", "MENU_ID", "CREATOR", "CREATE_TIME", "UPDATER", "UPDATE_TIME", "TENANT_ID", "DELETED") VALUES ('1511', '1', '104', '1', TO_DATE('2022-02-23 20:03:57', 'SYYYY-MM-DD HH24:MI:SS'), '1', TO_DATE('2022-02-23 20:03:57', 'SYYYY-MM-DD HH24:MI:SS'), '1', '0');
INSERT INTO "SYSTEM_ROLE_MENU" ("ID", "ROLE_ID", "MENU_ID", "CREATOR", "CREATE_TIME", "UPDATER", "UPDATE_TIME", "TENANT_ID", "DELETED") VALUES ('1512', '1', '105', '1', TO_DATE('2022-02-23 20:03:57', 'SYYYY-MM-DD HH24:MI:SS'), '1', TO_DATE('2022-02-23 20:03:57', 'SYYYY-MM-DD HH24:MI:SS'), '1', '0');
INSERT INTO "SYSTEM_ROLE_MENU" ("ID", "ROLE_ID", "MENU_ID", "CREATOR", "CREATE_TIME", "UPDATER", "UPDATE_TIME", "TENANT_ID", "DELETED") VALUES ('1513', '1', '106', '1', TO_DATE('2022-02-23 20:03:57', 'SYYYY-MM-DD HH24:MI:SS'), '1', TO_DATE('2022-02-23 20:03:57', 'SYYYY-MM-DD HH24:MI:SS'), '1', '0');
INSERT INTO "SYSTEM_ROLE_MENU" ("ID", "ROLE_ID", "MENU_ID", "CREATOR", "CREATE_TIME", "UPDATER", "UPDATE_TIME", "TENANT_ID", "DELETED") VALUES ('1514', '1', '107', '1', TO_DATE('2022-02-23 20:03:57', 'SYYYY-MM-DD HH24:MI:SS'), '1', TO_DATE('2022-02-23 20:03:57', 'SYYYY-MM-DD HH24:MI:SS'), '1', '0');
INSERT INTO "SYSTEM_ROLE_MENU" ("ID", "ROLE_ID", "MENU_ID", "CREATOR", "CREATE_TIME", "UPDATER", "UPDATE_TIME", "TENANT_ID", "DELETED") VALUES ('1515', '1', '108', '1', TO_DATE('2022-02-23 20:03:57', 'SYYYY-MM-DD HH24:MI:SS'), '1', TO_DATE('2022-02-23 20:03:57', 'SYYYY-MM-DD HH24:MI:SS'), '1', '0');
INSERT INTO "SYSTEM_ROLE_MENU" ("ID", "ROLE_ID", "MENU_ID", "CREATOR", "CREATE_TIME", "UPDATER", "UPDATE_TIME", "TENANT_ID", "DELETED") VALUES ('1516', '1', '109', '1', TO_DATE('2022-02-23 20:03:57', 'SYYYY-MM-DD HH24:MI:SS'), '1', TO_DATE('2022-02-23 20:03:57', 'SYYYY-MM-DD HH24:MI:SS'), '1', '0');
INSERT INTO "SYSTEM_ROLE_MENU" ("ID", "ROLE_ID", "MENU_ID", "CREATOR", "CREATE_TIME", "UPDATER", "UPDATE_TIME", "TENANT_ID", "DELETED") VALUES ('1517', '1', '110', '1', TO_DATE('2022-02-23 20:03:57', 'SYYYY-MM-DD HH24:MI:SS'), '1', TO_DATE('2022-02-23 20:03:57', 'SYYYY-MM-DD HH24:MI:SS'), '1', '0');
INSERT INTO "SYSTEM_ROLE_MENU" ("ID", "ROLE_ID", "MENU_ID", "CREATOR", "CREATE_TIME", "UPDATER", "UPDATE_TIME", "TENANT_ID", "DELETED") VALUES ('1518', '1', '111', '1', TO_DATE('2022-02-23 20:03:57', 'SYYYY-MM-DD HH24:MI:SS'), '1', TO_DATE('2022-02-23 20:03:57', 'SYYYY-MM-DD HH24:MI:SS'), '1', '0');
INSERT INTO "SYSTEM_ROLE_MENU" ("ID", "ROLE_ID", "MENU_ID", "CREATOR", "CREATE_TIME", "UPDATER", "UPDATE_TIME", "TENANT_ID", "DELETED") VALUES ('1519', '1', '112', '1', TO_DATE('2022-02-23 20:03:57', 'SYYYY-MM-DD HH24:MI:SS'), '1', TO_DATE('2022-02-23 20:03:57', 'SYYYY-MM-DD HH24:MI:SS'), '1', '0');
INSERT INTO "SYSTEM_ROLE_MENU" ("ID", "ROLE_ID", "MENU_ID", "CREATOR", "CREATE_TIME", "UPDATER", "UPDATE_TIME", "TENANT_ID", "DELETED") VALUES ('1520', '1', '113', '1', TO_DATE('2022-02-23 20:03:57', 'SYYYY-MM-DD HH24:MI:SS'), '1', TO_DATE('2022-02-23 20:03:57', 'SYYYY-MM-DD HH24:MI:SS'), '1', '0');
INSERT INTO "SYSTEM_ROLE_MENU" ("ID", "ROLE_ID", "MENU_ID", "CREATOR", "CREATE_TIME", "UPDATER", "UPDATE_TIME", "TENANT_ID", "DELETED") VALUES ('1522', '1', '1138', '1', TO_DATE('2022-02-23 20:03:57', 'SYYYY-MM-DD HH24:MI:SS'), '1', TO_DATE('2022-02-23 20:03:57', 'SYYYY-MM-DD HH24:MI:SS'), '1', '0');
INSERT INTO "SYSTEM_ROLE_MENU" ("ID", "ROLE_ID", "MENU_ID", "CREATOR", "CREATE_TIME", "UPDATER", "UPDATE_TIME", "TENANT_ID", "DELETED") VALUES ('1525', '1', '1224', '1', TO_DATE('2022-02-23 20:03:57', 'SYYYY-MM-DD HH24:MI:SS'), '1', TO_DATE('2022-02-23 20:03:57', 'SYYYY-MM-DD HH24:MI:SS'), '1', '0');
INSERT INTO "SYSTEM_ROLE_MENU" ("ID", "ROLE_ID", "MENU_ID", "CREATOR", "CREATE_TIME", "UPDATER", "UPDATE_TIME", "TENANT_ID", "DELETED") VALUES ('1526', '1', '1225', '1', TO_DATE('2022-02-23 20:03:57', 'SYYYY-MM-DD HH24:MI:SS'), '1', TO_DATE('2022-02-23 20:03:57', 'SYYYY-MM-DD HH24:MI:SS'), '1', '0');
INSERT INTO "SYSTEM_ROLE_MENU" ("ID", "ROLE_ID", "MENU_ID", "CREATOR", "CREATE_TIME", "UPDATER", "UPDATE_TIME", "TENANT_ID", "DELETED") VALUES ('1527', '1', '500', '1', TO_DATE('2022-02-23 20:03:57', 'SYYYY-MM-DD HH24:MI:SS'), '1', TO_DATE('2022-02-23 20:03:57', 'SYYYY-MM-DD HH24:MI:SS'), '1', '0');
INSERT INTO "SYSTEM_ROLE_MENU" ("ID", "ROLE_ID", "MENU_ID", "CREATOR", "CREATE_TIME", "UPDATER", "UPDATE_TIME", "TENANT_ID", "DELETED") VALUES ('1528', '1', '501', '1', TO_DATE('2022-02-23 20:03:57', 'SYYYY-MM-DD HH24:MI:SS'), '1', TO_DATE('2022-02-23 20:03:57', 'SYYYY-MM-DD HH24:MI:SS'), '1', '0');
INSERT INTO "SYSTEM_ROLE_MENU" ("ID", "ROLE_ID", "MENU_ID", "CREATOR", "CREATE_TIME", "UPDATER", "UPDATE_TIME", "TENANT_ID", "DELETED") VALUES ('1529', '109', '1024', '1', TO_DATE('2022-02-23 20:30:14', 'SYYYY-MM-DD HH24:MI:SS'), '1', TO_DATE('2022-02-23 20:30:14', 'SYYYY-MM-DD HH24:MI:SS'), '121', '0');
INSERT INTO "SYSTEM_ROLE_MENU" ("ID", "ROLE_ID", "MENU_ID", "CREATOR", "CREATE_TIME", "UPDATER", "UPDATE_TIME", "TENANT_ID", "DELETED") VALUES ('1530', '109', '1025', '1', TO_DATE('2022-02-23 20:30:14', 'SYYYY-MM-DD HH24:MI:SS'), '1', TO_DATE('2022-02-23 20:30:14', 'SYYYY-MM-DD HH24:MI:SS'), '121', '0');
INSERT INTO "SYSTEM_ROLE_MENU" ("ID", "ROLE_ID", "MENU_ID", "CREATOR", "CREATE_TIME", "UPDATER", "UPDATE_TIME", "TENANT_ID", "DELETED") VALUES ('1536', '109', '1017', '1', TO_DATE('2022-02-23 20:30:14', 'SYYYY-MM-DD HH24:MI:SS'), '1', TO_DATE('2022-02-23 20:30:14', 'SYYYY-MM-DD HH24:MI:SS'), '121', '0');
INSERT INTO "SYSTEM_ROLE_MENU" ("ID", "ROLE_ID", "MENU_ID", "CREATOR", "CREATE_TIME", "UPDATER", "UPDATE_TIME", "TENANT_ID", "DELETED") VALUES ('1537', '109', '1018', '1', TO_DATE('2022-02-23 20:30:14', 'SYYYY-MM-DD HH24:MI:SS'), '1', TO_DATE('2022-02-23 20:30:14', 'SYYYY-MM-DD HH24:MI:SS'), '121', '0');
INSERT INTO "SYSTEM_ROLE_MENU" ("ID", "ROLE_ID", "MENU_ID", "CREATOR", "CREATE_TIME", "UPDATER", "UPDATE_TIME", "TENANT_ID", "DELETED") VALUES ('1538', '109', '1019', '1', TO_DATE('2022-02-23 20:30:14', 'SYYYY-MM-DD HH24:MI:SS'), '1', TO_DATE('2022-02-23 20:30:14', 'SYYYY-MM-DD HH24:MI:SS'), '121', '0');
INSERT INTO "SYSTEM_ROLE_MENU" ("ID", "ROLE_ID", "MENU_ID", "CREATOR", "CREATE_TIME", "UPDATER", "UPDATE_TIME", "TENANT_ID", "DELETED") VALUES ('1539', '109', '1020', '1', TO_DATE('2022-02-23 20:30:14', 'SYYYY-MM-DD HH24:MI:SS'), '1', TO_DATE('2022-02-23 20:30:14', 'SYYYY-MM-DD HH24:MI:SS'), '121', '0');
INSERT INTO "SYSTEM_ROLE_MENU" ("ID", "ROLE_ID", "MENU_ID", "CREATOR", "CREATE_TIME", "UPDATER", "UPDATE_TIME", "TENANT_ID", "DELETED") VALUES ('1540', '109', '1021', '1', TO_DATE('2022-02-23 20:30:14', 'SYYYY-MM-DD HH24:MI:SS'), '1', TO_DATE('2022-02-23 20:30:14', 'SYYYY-MM-DD HH24:MI:SS'), '121', '0');
INSERT INTO "SYSTEM_ROLE_MENU" ("ID", "ROLE_ID", "MENU_ID", "CREATOR", "CREATE_TIME", "UPDATER", "UPDATE_TIME", "TENANT_ID", "DELETED") VALUES ('1541', '109', '1022', '1', TO_DATE('2022-02-23 20:30:14', 'SYYYY-MM-DD HH24:MI:SS'), '1', TO_DATE('2022-02-23 20:30:14', 'SYYYY-MM-DD HH24:MI:SS'), '121', '0');
INSERT INTO "SYSTEM_ROLE_MENU" ("ID", "ROLE_ID", "MENU_ID", "CREATOR", "CREATE_TIME", "UPDATER", "UPDATE_TIME", "TENANT_ID", "DELETED") VALUES ('1542', '109', '1023', '1', TO_DATE('2022-02-23 20:30:14', 'SYYYY-MM-DD HH24:MI:SS'), '1', TO_DATE('2022-02-23 20:30:14', 'SYYYY-MM-DD HH24:MI:SS'), '121', '0');
INSERT INTO "SYSTEM_ROLE_MENU" ("ID", "ROLE_ID", "MENU_ID", "CREATOR", "CREATE_TIME", "UPDATER", "UPDATE_TIME", "TENANT_ID", "DELETED") VALUES ('1576', '111', '1024', '1', TO_DATE('2022-03-07 21:37:58', 'SYYYY-MM-DD HH24:MI:SS'), '1', TO_DATE('2022-03-07 21:37:58', 'SYYYY-MM-DD HH24:MI:SS'), '122', '0');
INSERT INTO "SYSTEM_ROLE_MENU" ("ID", "ROLE_ID", "MENU_ID", "CREATOR", "CREATE_TIME", "UPDATER", "UPDATE_TIME", "TENANT_ID", "DELETED") VALUES ('1577', '111', '1025', '1', TO_DATE('2022-03-07 21:37:58', 'SYYYY-MM-DD HH24:MI:SS'), '1', TO_DATE('2022-03-07 21:37:58', 'SYYYY-MM-DD HH24:MI:SS'), '122', '0');
INSERT INTO "SYSTEM_ROLE_MENU" ("ID", "ROLE_ID", "MENU_ID", "CREATOR", "CREATE_TIME", "UPDATER", "UPDATE_TIME", "TENANT_ID", "DELETED") VALUES ('1578', '111', '1', '1', TO_DATE('2022-03-07 21:37:58', 'SYYYY-MM-DD HH24:MI:SS'), '1', TO_DATE('2022-03-07 21:37:58', 'SYYYY-MM-DD HH24:MI:SS'), '122', '0');
INSERT INTO "SYSTEM_ROLE_MENU" ("ID", "ROLE_ID", "MENU_ID", "CREATOR", "CREATE_TIME", "UPDATER", "UPDATE_TIME", "TENANT_ID", "DELETED") VALUES ('1584', '111', '103', '1', TO_DATE('2022-03-07 21:37:58', 'SYYYY-MM-DD HH24:MI:SS'), '1', TO_DATE('2022-03-07 21:37:58', 'SYYYY-MM-DD HH24:MI:SS'), '122', '0');
INSERT INTO "SYSTEM_ROLE_MENU" ("ID", "ROLE_ID", "MENU_ID", "CREATOR", "CREATE_TIME", "UPDATER", "UPDATE_TIME", "TENANT_ID", "DELETED") VALUES ('1585', '111', '104', '1', TO_DATE('2022-03-07 21:37:58', 'SYYYY-MM-DD HH24:MI:SS'), '1', TO_DATE('2022-03-07 21:37:58', 'SYYYY-MM-DD HH24:MI:SS'), '122', '0');
INSERT INTO "SYSTEM_ROLE_MENU" ("ID", "ROLE_ID", "MENU_ID", "CREATOR", "CREATE_TIME", "UPDATER", "UPDATE_TIME", "TENANT_ID", "DELETED") VALUES ('1587', '111', '1017', '1', TO_DATE('2022-03-07 21:37:58', 'SYYYY-MM-DD HH24:MI:SS'), '1', TO_DATE('2022-03-07 21:37:58', 'SYYYY-MM-DD HH24:MI:SS'), '122', '0');
INSERT INTO "SYSTEM_ROLE_MENU" ("ID", "ROLE_ID", "MENU_ID", "CREATOR", "CREATE_TIME", "UPDATER", "UPDATE_TIME", "TENANT_ID", "DELETED") VALUES ('1588', '111', '1018', '1', TO_DATE('2022-03-07 21:37:58', 'SYYYY-MM-DD HH24:MI:SS'), '1', TO_DATE('2022-03-07 21:37:58', 'SYYYY-MM-DD HH24:MI:SS'), '122', '0');
INSERT INTO "SYSTEM_ROLE_MENU" ("ID", "ROLE_ID", "MENU_ID", "CREATOR", "CREATE_TIME", "UPDATER", "UPDATE_TIME", "TENANT_ID", "DELETED") VALUES ('1589', '111', '1019', '1', TO_DATE('2022-03-07 21:37:58', 'SYYYY-MM-DD HH24:MI:SS'), '1', TO_DATE('2022-03-07 21:37:58', 'SYYYY-MM-DD HH24:MI:SS'), '122', '0');
INSERT INTO "SYSTEM_ROLE_MENU" ("ID", "ROLE_ID", "MENU_ID", "CREATOR", "CREATE_TIME", "UPDATER", "UPDATE_TIME", "TENANT_ID", "DELETED") VALUES ('1590', '111', '1020', '1', TO_DATE('2022-03-07 21:37:58', 'SYYYY-MM-DD HH24:MI:SS'), '1', TO_DATE('2022-03-07 21:37:58', 'SYYYY-MM-DD HH24:MI:SS'), '122', '0');
INSERT INTO "SYSTEM_ROLE_MENU" ("ID", "ROLE_ID", "MENU_ID", "CREATOR", "CREATE_TIME", "UPDATER", "UPDATE_TIME", "TENANT_ID", "DELETED") VALUES ('1591', '111', '1021', '1', TO_DATE('2022-03-07 21:37:58', 'SYYYY-MM-DD HH24:MI:SS'), '1', TO_DATE('2022-03-07 21:37:58', 'SYYYY-MM-DD HH24:MI:SS'), '122', '0');
INSERT INTO "SYSTEM_ROLE_MENU" ("ID", "ROLE_ID", "MENU_ID", "CREATOR", "CREATE_TIME", "UPDATER", "UPDATE_TIME", "TENANT_ID", "DELETED") VALUES ('1592', '111', '1022', '1', TO_DATE('2022-03-07 21:37:58', 'SYYYY-MM-DD HH24:MI:SS'), '1', TO_DATE('2022-03-07 21:37:58', 'SYYYY-MM-DD HH24:MI:SS'), '122', '0');
INSERT INTO "SYSTEM_ROLE_MENU" ("ID", "ROLE_ID", "MENU_ID", "CREATOR", "CREATE_TIME", "UPDATER", "UPDATE_TIME", "TENANT_ID", "DELETED") VALUES ('1593', '111', '1023', '1', TO_DATE('2022-03-07 21:37:58', 'SYYYY-MM-DD HH24:MI:SS'), '1', TO_DATE('2022-03-07 21:37:58', 'SYYYY-MM-DD HH24:MI:SS'), '122', '0');
INSERT INTO "SYSTEM_ROLE_MENU" ("ID", "ROLE_ID", "MENU_ID", "CREATOR", "CREATE_TIME", "UPDATER", "UPDATE_TIME", "TENANT_ID", "DELETED") VALUES ('1594', '109', '102', '1', TO_DATE('2022-03-19 18:39:13', 'SYYYY-MM-DD HH24:MI:SS'), '1', TO_DATE('2022-03-19 18:39:13', 'SYYYY-MM-DD HH24:MI:SS'), '121', '0');
INSERT INTO "SYSTEM_ROLE_MENU" ("ID", "ROLE_ID", "MENU_ID", "CREATOR", "CREATE_TIME", "UPDATER", "UPDATE_TIME", "TENANT_ID", "DELETED") VALUES ('1595', '109', '1013', '1', TO_DATE('2022-03-19 18:39:13', 'SYYYY-MM-DD HH24:MI:SS'), '1', TO_DATE('2022-03-19 18:39:13', 'SYYYY-MM-DD HH24:MI:SS'), '121', '0');
INSERT INTO "SYSTEM_ROLE_MENU" ("ID", "ROLE_ID", "MENU_ID", "CREATOR", "CREATE_TIME", "UPDATER", "UPDATE_TIME", "TENANT_ID", "DELETED") VALUES ('1596', '109', '1014', '1', TO_DATE('2022-03-19 18:39:13', 'SYYYY-MM-DD HH24:MI:SS'), '1', TO_DATE('2022-03-19 18:39:13', 'SYYYY-MM-DD HH24:MI:SS'), '121', '0');
INSERT INTO "SYSTEM_ROLE_MENU" ("ID", "ROLE_ID", "MENU_ID", "CREATOR", "CREATE_TIME", "UPDATER", "UPDATE_TIME", "TENANT_ID", "DELETED") VALUES ('1597', '109', '1015', '1', TO_DATE('2022-03-19 18:39:13', 'SYYYY-MM-DD HH24:MI:SS'), '1', TO_DATE('2022-03-19 18:39:13', 'SYYYY-MM-DD HH24:MI:SS'), '121', '0');
INSERT INTO "SYSTEM_ROLE_MENU" ("ID", "ROLE_ID", "MENU_ID", "CREATOR", "CREATE_TIME", "UPDATER", "UPDATE_TIME", "TENANT_ID", "DELETED") VALUES ('1598', '109', '1016', '1', TO_DATE('2022-03-19 18:39:13', 'SYYYY-MM-DD HH24:MI:SS'), '1', TO_DATE('2022-03-19 18:39:13', 'SYYYY-MM-DD HH24:MI:SS'), '121', '0');
INSERT INTO "SYSTEM_ROLE_MENU" ("ID", "ROLE_ID", "MENU_ID", "CREATOR", "CREATE_TIME", "UPDATER", "UPDATE_TIME", "TENANT_ID", "DELETED") VALUES ('1599', '111', '102', '1', TO_DATE('2022-03-19 18:39:13', 'SYYYY-MM-DD HH24:MI:SS'), '1', TO_DATE('2022-03-19 18:39:13', 'SYYYY-MM-DD HH24:MI:SS'), '122', '0');
INSERT INTO "SYSTEM_ROLE_MENU" ("ID", "ROLE_ID", "MENU_ID", "CREATOR", "CREATE_TIME", "UPDATER", "UPDATE_TIME", "TENANT_ID", "DELETED") VALUES ('1600', '111', '1013', '1', TO_DATE('2022-03-19 18:39:13', 'SYYYY-MM-DD HH24:MI:SS'), '1', TO_DATE('2022-03-19 18:39:13', 'SYYYY-MM-DD HH24:MI:SS'), '122', '0');
INSERT INTO "SYSTEM_ROLE_MENU" ("ID", "ROLE_ID", "MENU_ID", "CREATOR", "CREATE_TIME", "UPDATER", "UPDATE_TIME", "TENANT_ID", "DELETED") VALUES ('1601', '111', '1014', '1', TO_DATE('2022-03-19 18:39:13', 'SYYYY-MM-DD HH24:MI:SS'), '1', TO_DATE('2022-03-19 18:39:13', 'SYYYY-MM-DD HH24:MI:SS'), '122', '0');
INSERT INTO "SYSTEM_ROLE_MENU" ("ID", "ROLE_ID", "MENU_ID", "CREATOR", "CREATE_TIME", "UPDATER", "UPDATE_TIME", "TENANT_ID", "DELETED") VALUES ('1602', '111', '1015', '1', TO_DATE('2022-03-19 18:39:13', 'SYYYY-MM-DD HH24:MI:SS'), '1', TO_DATE('2022-03-19 18:39:13', 'SYYYY-MM-DD HH24:MI:SS'), '122', '0');
INSERT INTO "SYSTEM_ROLE_MENU" ("ID", "ROLE_ID", "MENU_ID", "CREATOR", "CREATE_TIME", "UPDATER", "UPDATE_TIME", "TENANT_ID", "DELETED") VALUES ('1603', '111', '1016', '1', TO_DATE('2022-03-19 18:39:13', 'SYYYY-MM-DD HH24:MI:SS'), '1', TO_DATE('2022-03-19 18:39:13', 'SYYYY-MM-DD HH24:MI:SS'), '122', '0');
INSERT INTO "SYSTEM_ROLE_MENU" ("ID", "ROLE_ID", "MENU_ID", "CREATOR", "CREATE_TIME", "UPDATER", "UPDATE_TIME", "TENANT_ID", "DELETED") VALUES ('1604', '101', '1216', '1', TO_DATE('2022-03-19 21:45:52', 'SYYYY-MM-DD HH24:MI:SS'), '1', TO_DATE('2022-03-19 21:45:52', 'SYYYY-MM-DD HH24:MI:SS'), '1', '0');
INSERT INTO "SYSTEM_ROLE_MENU" ("ID", "ROLE_ID", "MENU_ID", "CREATOR", "CREATE_TIME", "UPDATER", "UPDATE_TIME", "TENANT_ID", "DELETED") VALUES ('1605', '101', '1217', '1', TO_DATE('2022-03-19 21:45:52', 'SYYYY-MM-DD HH24:MI:SS'), '1', TO_DATE('2022-03-19 21:45:52', 'SYYYY-MM-DD HH24:MI:SS'), '1', '0');
INSERT INTO "SYSTEM_ROLE_MENU" ("ID", "ROLE_ID", "MENU_ID", "CREATOR", "CREATE_TIME", "UPDATER", "UPDATE_TIME", "TENANT_ID", "DELETED") VALUES ('1606', '101', '1218', '1', TO_DATE('2022-03-19 21:45:52', 'SYYYY-MM-DD HH24:MI:SS'), '1', TO_DATE('2022-03-19 21:45:52', 'SYYYY-MM-DD HH24:MI:SS'), '1', '0');
INSERT INTO "SYSTEM_ROLE_MENU" ("ID", "ROLE_ID", "MENU_ID", "CREATOR", "CREATE_TIME", "UPDATER", "UPDATE_TIME", "TENANT_ID", "DELETED") VALUES ('1607', '101', '1219', '1', TO_DATE('2022-03-19 21:45:52', 'SYYYY-MM-DD HH24:MI:SS'), '1', TO_DATE('2022-03-19 21:45:52', 'SYYYY-MM-DD HH24:MI:SS'), '1', '0');
INSERT INTO "SYSTEM_ROLE_MENU" ("ID", "ROLE_ID", "MENU_ID", "CREATOR", "CREATE_TIME", "UPDATER", "UPDATE_TIME", "TENANT_ID", "DELETED") VALUES ('1608', '101', '1220', '1', TO_DATE('2022-03-19 21:45:52', 'SYYYY-MM-DD HH24:MI:SS'), '1', TO_DATE('2022-03-19 21:45:52', 'SYYYY-MM-DD HH24:MI:SS'), '1', '0');
INSERT INTO "SYSTEM_ROLE_MENU" ("ID", "ROLE_ID", "MENU_ID", "CREATOR", "CREATE_TIME", "UPDATER", "UPDATE_TIME", "TENANT_ID", "DELETED") VALUES ('1609', '101', '1221', '1', TO_DATE('2022-03-19 21:45:52', 'SYYYY-MM-DD HH24:MI:SS'), '1', TO_DATE('2022-03-19 21:45:52', 'SYYYY-MM-DD HH24:MI:SS'), '1', '0');
INSERT INTO "SYSTEM_ROLE_MENU" ("ID", "ROLE_ID", "MENU_ID", "CREATOR", "CREATE_TIME", "UPDATER", "UPDATE_TIME", "TENANT_ID", "DELETED") VALUES ('1610', '101', '5', '1', TO_DATE('2022-03-19 21:45:52', 'SYYYY-MM-DD HH24:MI:SS'), '1', TO_DATE('2022-03-19 21:45:52', 'SYYYY-MM-DD HH24:MI:SS'), '1', '0');
INSERT INTO "SYSTEM_ROLE_MENU" ("ID", "ROLE_ID", "MENU_ID", "CREATOR", "CREATE_TIME", "UPDATER", "UPDATE_TIME", "TENANT_ID", "DELETED") VALUES ('1611', '101', '1222', '1', TO_DATE('2022-03-19 21:45:52', 'SYYYY-MM-DD HH24:MI:SS'), '1', TO_DATE('2022-03-19 21:45:52', 'SYYYY-MM-DD HH24:MI:SS'), '1', '0');
INSERT INTO "SYSTEM_ROLE_MENU" ("ID", "ROLE_ID", "MENU_ID", "CREATOR", "CREATE_TIME", "UPDATER", "UPDATE_TIME", "TENANT_ID", "DELETED") VALUES ('1612', '101', '1118', '1', TO_DATE('2022-03-19 21:45:52', 'SYYYY-MM-DD HH24:MI:SS'), '1', TO_DATE('2022-03-19 21:45:52', 'SYYYY-MM-DD HH24:MI:SS'), '1', '0');
INSERT INTO "SYSTEM_ROLE_MENU" ("ID", "ROLE_ID", "MENU_ID", "CREATOR", "CREATE_TIME", "UPDATER", "UPDATE_TIME", "TENANT_ID", "DELETED") VALUES ('1613', '101', '1119', '1', TO_DATE('2022-03-19 21:45:52', 'SYYYY-MM-DD HH24:MI:SS'), '1', TO_DATE('2022-03-19 21:45:52', 'SYYYY-MM-DD HH24:MI:SS'), '1', '0');
INSERT INTO "SYSTEM_ROLE_MENU" ("ID", "ROLE_ID", "MENU_ID", "CREATOR", "CREATE_TIME", "UPDATER", "UPDATE_TIME", "TENANT_ID", "DELETED") VALUES ('1614', '101', '1120', '1', TO_DATE('2022-03-19 21:45:52', 'SYYYY-MM-DD HH24:MI:SS'), '1', TO_DATE('2022-03-19 21:45:52', 'SYYYY-MM-DD HH24:MI:SS'), '1', '0');
INSERT INTO "SYSTEM_ROLE_MENU" ("ID", "ROLE_ID", "MENU_ID", "CREATOR", "CREATE_TIME", "UPDATER", "UPDATE_TIME", "TENANT_ID", "DELETED") VALUES ('1615', '101', '1185', '1', TO_DATE('2022-03-19 21:45:52', 'SYYYY-MM-DD HH24:MI:SS'), '1', TO_DATE('2022-03-19 21:45:52', 'SYYYY-MM-DD HH24:MI:SS'), '1', '0');
INSERT INTO "SYSTEM_ROLE_MENU" ("ID", "ROLE_ID", "MENU_ID", "CREATOR", "CREATE_TIME", "UPDATER", "UPDATE_TIME", "TENANT_ID", "DELETED") VALUES ('1616', '101', '1186', '1', TO_DATE('2022-03-19 21:45:52', 'SYYYY-MM-DD HH24:MI:SS'), '1', TO_DATE('2022-03-19 21:45:52', 'SYYYY-MM-DD HH24:MI:SS'), '1', '0');
INSERT INTO "SYSTEM_ROLE_MENU" ("ID", "ROLE_ID", "MENU_ID", "CREATOR", "CREATE_TIME", "UPDATER", "UPDATE_TIME", "TENANT_ID", "DELETED") VALUES ('1617', '101', '1187', '1', TO_DATE('2022-03-19 21:45:52', 'SYYYY-MM-DD HH24:MI:SS'), '1', TO_DATE('2022-03-19 21:45:52', 'SYYYY-MM-DD HH24:MI:SS'), '1', '0');
INSERT INTO "SYSTEM_ROLE_MENU" ("ID", "ROLE_ID", "MENU_ID", "CREATOR", "CREATE_TIME", "UPDATER", "UPDATE_TIME", "TENANT_ID", "DELETED") VALUES ('1618', '101', '1188', '1', TO_DATE('2022-03-19 21:45:52', 'SYYYY-MM-DD HH24:MI:SS'), '1', TO_DATE('2022-03-19 21:45:52', 'SYYYY-MM-DD HH24:MI:SS'), '1', '0');
INSERT INTO "SYSTEM_ROLE_MENU" ("ID", "ROLE_ID", "MENU_ID", "CREATOR", "CREATE_TIME", "UPDATER", "UPDATE_TIME", "TENANT_ID", "DELETED") VALUES ('1619', '101', '1189', '1', TO_DATE('2022-03-19 21:45:52', 'SYYYY-MM-DD HH24:MI:SS'), '1', TO_DATE('2022-03-19 21:45:52', 'SYYYY-MM-DD HH24:MI:SS'), '1', '0');
INSERT INTO "SYSTEM_ROLE_MENU" ("ID", "ROLE_ID", "MENU_ID", "CREATOR", "CREATE_TIME", "UPDATER", "UPDATE_TIME", "TENANT_ID", "DELETED") VALUES ('1620', '101', '1190', '1', TO_DATE('2022-03-19 21:45:52', 'SYYYY-MM-DD HH24:MI:SS'), '1', TO_DATE('2022-03-19 21:45:52', 'SYYYY-MM-DD HH24:MI:SS'), '1', '0');
INSERT INTO "SYSTEM_ROLE_MENU" ("ID", "ROLE_ID", "MENU_ID", "CREATOR", "CREATE_TIME", "UPDATER", "UPDATE_TIME", "TENANT_ID", "DELETED") VALUES ('1621', '101', '1191', '1', TO_DATE('2022-03-19 21:45:52', 'SYYYY-MM-DD HH24:MI:SS'), '1', TO_DATE('2022-03-19 21:45:52', 'SYYYY-MM-DD HH24:MI:SS'), '1', '0');
INSERT INTO "SYSTEM_ROLE_MENU" ("ID", "ROLE_ID", "MENU_ID", "CREATOR", "CREATE_TIME", "UPDATER", "UPDATE_TIME", "TENANT_ID", "DELETED") VALUES ('1622', '101', '1192', '1', TO_DATE('2022-03-19 21:45:52', 'SYYYY-MM-DD HH24:MI:SS'), '1', TO_DATE('2022-03-19 21:45:52', 'SYYYY-MM-DD HH24:MI:SS'), '1', '0');
INSERT INTO "SYSTEM_ROLE_MENU" ("ID", "ROLE_ID", "MENU_ID", "CREATOR", "CREATE_TIME", "UPDATER", "UPDATE_TIME", "TENANT_ID", "DELETED") VALUES ('1623', '101', '1193', '1', TO_DATE('2022-03-19 21:45:52', 'SYYYY-MM-DD HH24:MI:SS'), '1', TO_DATE('2022-03-19 21:45:52', 'SYYYY-MM-DD HH24:MI:SS'), '1', '0');
INSERT INTO "SYSTEM_ROLE_MENU" ("ID", "ROLE_ID", "MENU_ID", "CREATOR", "CREATE_TIME", "UPDATER", "UPDATE_TIME", "TENANT_ID", "DELETED") VALUES ('1624', '101', '1194', '1', TO_DATE('2022-03-19 21:45:52', 'SYYYY-MM-DD HH24:MI:SS'), '1', TO_DATE('2022-03-19 21:45:52', 'SYYYY-MM-DD HH24:MI:SS'), '1', '0');
INSERT INTO "SYSTEM_ROLE_MENU" ("ID", "ROLE_ID", "MENU_ID", "CREATOR", "CREATE_TIME", "UPDATER", "UPDATE_TIME", "TENANT_ID", "DELETED") VALUES ('1625', '101', '1195', '1', TO_DATE('2022-03-19 21:45:52', 'SYYYY-MM-DD HH24:MI:SS'), '1', TO_DATE('2022-03-19 21:45:52', 'SYYYY-MM-DD HH24:MI:SS'), '1', '0');
INSERT INTO "SYSTEM_ROLE_MENU" ("ID", "ROLE_ID", "MENU_ID", "CREATOR", "CREATE_TIME", "UPDATER", "UPDATE_TIME", "TENANT_ID", "DELETED") VALUES ('1626', '101', '1196', '1', TO_DATE('2022-03-19 21:45:52', 'SYYYY-MM-DD HH24:MI:SS'), '1', TO_DATE('2022-03-19 21:45:52', 'SYYYY-MM-DD HH24:MI:SS'), '1', '0');
INSERT INTO "SYSTEM_ROLE_MENU" ("ID", "ROLE_ID", "MENU_ID", "CREATOR", "CREATE_TIME", "UPDATER", "UPDATE_TIME", "TENANT_ID", "DELETED") VALUES ('1627', '101', '1197', '1', TO_DATE('2022-03-19 21:45:52', 'SYYYY-MM-DD HH24:MI:SS'), '1', TO_DATE('2022-03-19 21:45:52', 'SYYYY-MM-DD HH24:MI:SS'), '1', '0');
INSERT INTO "SYSTEM_ROLE_MENU" ("ID", "ROLE_ID", "MENU_ID", "CREATOR", "CREATE_TIME", "UPDATER", "UPDATE_TIME", "TENANT_ID", "DELETED") VALUES ('1628', '101', '1198', '1', TO_DATE('2022-03-19 21:45:52', 'SYYYY-MM-DD HH24:MI:SS'), '1', TO_DATE('2022-03-19 21:45:52', 'SYYYY-MM-DD HH24:MI:SS'), '1', '0');
INSERT INTO "SYSTEM_ROLE_MENU" ("ID", "ROLE_ID", "MENU_ID", "CREATOR", "CREATE_TIME", "UPDATER", "UPDATE_TIME", "TENANT_ID", "DELETED") VALUES ('1629', '101', '1199', '1', TO_DATE('2022-03-19 21:45:52', 'SYYYY-MM-DD HH24:MI:SS'), '1', TO_DATE('2022-03-19 21:45:52', 'SYYYY-MM-DD HH24:MI:SS'), '1', '0');
INSERT INTO "SYSTEM_ROLE_MENU" ("ID", "ROLE_ID", "MENU_ID", "CREATOR", "CREATE_TIME", "UPDATER", "UPDATE_TIME", "TENANT_ID", "DELETED") VALUES ('1630', '101', '1200', '1', TO_DATE('2022-03-19 21:45:52', 'SYYYY-MM-DD HH24:MI:SS'), '1', TO_DATE('2022-03-19 21:45:52', 'SYYYY-MM-DD HH24:MI:SS'), '1', '0');
INSERT INTO "SYSTEM_ROLE_MENU" ("ID", "ROLE_ID", "MENU_ID", "CREATOR", "CREATE_TIME", "UPDATER", "UPDATE_TIME", "TENANT_ID", "DELETED") VALUES ('1631', '101', '1201', '1', TO_DATE('2022-03-19 21:45:52', 'SYYYY-MM-DD HH24:MI:SS'), '1', TO_DATE('2022-03-19 21:45:52', 'SYYYY-MM-DD HH24:MI:SS'), '1', '0');
INSERT INTO "SYSTEM_ROLE_MENU" ("ID", "ROLE_ID", "MENU_ID", "CREATOR", "CREATE_TIME", "UPDATER", "UPDATE_TIME", "TENANT_ID", "DELETED") VALUES ('1632', '101', '1202', '1', TO_DATE('2022-03-19 21:45:52', 'SYYYY-MM-DD HH24:MI:SS'), '1', TO_DATE('2022-03-19 21:45:52', 'SYYYY-MM-DD HH24:MI:SS'), '1', '0');
INSERT INTO "SYSTEM_ROLE_MENU" ("ID", "ROLE_ID", "MENU_ID", "CREATOR", "CREATE_TIME", "UPDATER", "UPDATE_TIME", "TENANT_ID", "DELETED") VALUES ('1633', '101', '1207', '1', TO_DATE('2022-03-19 21:45:52', 'SYYYY-MM-DD HH24:MI:SS'), '1', TO_DATE('2022-03-19 21:45:52', 'SYYYY-MM-DD HH24:MI:SS'), '1', '0');
INSERT INTO "SYSTEM_ROLE_MENU" ("ID", "ROLE_ID", "MENU_ID", "CREATOR", "CREATE_TIME", "UPDATER", "UPDATE_TIME", "TENANT_ID", "DELETED") VALUES ('1634', '101', '1208', '1', TO_DATE('2022-03-19 21:45:52', 'SYYYY-MM-DD HH24:MI:SS'), '1', TO_DATE('2022-03-19 21:45:52', 'SYYYY-MM-DD HH24:MI:SS'), '1', '0');
INSERT INTO "SYSTEM_ROLE_MENU" ("ID", "ROLE_ID", "MENU_ID", "CREATOR", "CREATE_TIME", "UPDATER", "UPDATE_TIME", "TENANT_ID", "DELETED") VALUES ('1635', '101', '1209', '1', TO_DATE('2022-03-19 21:45:52', 'SYYYY-MM-DD HH24:MI:SS'), '1', TO_DATE('2022-03-19 21:45:52', 'SYYYY-MM-DD HH24:MI:SS'), '1', '0');
INSERT INTO "SYSTEM_ROLE_MENU" ("ID", "ROLE_ID", "MENU_ID", "CREATOR", "CREATE_TIME", "UPDATER", "UPDATE_TIME", "TENANT_ID", "DELETED") VALUES ('1636', '101', '1210', '1', TO_DATE('2022-03-19 21:45:52', 'SYYYY-MM-DD HH24:MI:SS'), '1', TO_DATE('2022-03-19 21:45:52', 'SYYYY-MM-DD HH24:MI:SS'), '1', '0');
INSERT INTO "SYSTEM_ROLE_MENU" ("ID", "ROLE_ID", "MENU_ID", "CREATOR", "CREATE_TIME", "UPDATER", "UPDATE_TIME", "TENANT_ID", "DELETED") VALUES ('1637', '101', '1211', '1', TO_DATE('2022-03-19 21:45:52', 'SYYYY-MM-DD HH24:MI:SS'), '1', TO_DATE('2022-03-19 21:45:52', 'SYYYY-MM-DD HH24:MI:SS'), '1', '0');
INSERT INTO "SYSTEM_ROLE_MENU" ("ID", "ROLE_ID", "MENU_ID", "CREATOR", "CREATE_TIME", "UPDATER", "UPDATE_TIME", "TENANT_ID", "DELETED") VALUES ('1638', '101', '1212', '1', TO_DATE('2022-03-19 21:45:52', 'SYYYY-MM-DD HH24:MI:SS'), '1', TO_DATE('2022-03-19 21:45:52', 'SYYYY-MM-DD HH24:MI:SS'), '1', '0');
INSERT INTO "SYSTEM_ROLE_MENU" ("ID", "ROLE_ID", "MENU_ID", "CREATOR", "CREATE_TIME", "UPDATER", "UPDATE_TIME", "TENANT_ID", "DELETED") VALUES ('1639', '101', '1213', '1', TO_DATE('2022-03-19 21:45:52', 'SYYYY-MM-DD HH24:MI:SS'), '1', TO_DATE('2022-03-19 21:45:52', 'SYYYY-MM-DD HH24:MI:SS'), '1', '0');
INSERT INTO "SYSTEM_ROLE_MENU" ("ID", "ROLE_ID", "MENU_ID", "CREATOR", "CREATE_TIME", "UPDATER", "UPDATE_TIME", "TENANT_ID", "DELETED") VALUES ('1640', '101', '1215', '1', TO_DATE('2022-03-19 21:45:52', 'SYYYY-MM-DD HH24:MI:SS'), '1', TO_DATE('2022-03-19 21:45:52', 'SYYYY-MM-DD HH24:MI:SS'), '1', '0');
INSERT INTO "SYSTEM_ROLE_MENU" ("ID", "ROLE_ID", "MENU_ID", "CREATOR", "CREATE_TIME", "UPDATER", "UPDATE_TIME", "TENANT_ID", "DELETED") VALUES ('1296', '110', '1', '110', TO_DATE('2022-02-23 00:23:55', 'SYYYY-MM-DD HH24:MI:SS'), '110', TO_DATE('2022-02-23 00:23:55', 'SYYYY-MM-DD HH24:MI:SS'), '121', '0');
COMMIT;
COMMIT;

INSERT INTO "SYSTEM_USERS" ("ID", "USERNAME", "PASSWORD", "NICKNAME", "REMARK", "DEPT_ID", "POST_IDS", "EMAIL", "MOBILE", "SEX", "AVATAR", "STATUS", "LOGIN_IP", "LOGIN_DATE", "CREATOR", "CREATE_TIME", "UPDATER", "UPDATE_TIME", "TENANT_ID", "DELETED") VALUES ('115', 'anzhen', '$2a$10$Qr2lBUuwvDMb98p/o7iSPuHb7GRi4zPHSq4g01ETuY.l4O5txXfvi', 'anzhen', NULL, '100', '[]', NULL, NULL, NULL, NULL, '0', NULL, NULL, '1', TO_DATE('2022-03-24 18:50:59', 'SYYYY-MM-DD HH24:MI:SS'), '1', TO_DATE('2022-03-24 18:50:59', 'SYYYY-MM-DD HH24:MI:SS'), '1', '0');
INSERT INTO "SYSTEM_USERS" ("ID", "USERNAME", "PASSWORD", "NICKNAME", "REMARK", "DEPT_ID", "POST_IDS", "EMAIL", "MOBILE", "SEX", "AVATAR", "STATUS", "LOGIN_IP", "LOGIN_DATE", "CREATOR", "CREATE_TIME", "UPDATER", "UPDATE_TIME", "TENANT_ID", "DELETED") VALUES ('1', 'admin', '$2a$10$0acJOIk2D25/oC87nyclE..0lzeu9DtQ/n3geP4fkun/zIVRhHJIO', '芋道源码', '管理员', '103', '[1,2]', 'aoteman@126.com', '15612345678', '1', 'http://test.yudao.iocoder.cn/a294ecb2-73dd-4353-bf40-296b8931d0bf', '0', '127.0.0.1', TO_DATE('2022-05-13 09:40:57', 'SYYYY-MM-DD HH24:MI:SS'), 'admin', TO_DATE('2021-01-05 17:03:47', 'SYYYY-MM-DD HH24:MI:SS'), NULL, TO_DATE('2022-05-13 09:40:57', 'SYYYY-MM-DD HH24:MI:SS'), '1', '0');
INSERT INTO "SYSTEM_USERS" ("ID", "USERNAME", "PASSWORD", "NICKNAME", "REMARK", "DEPT_ID", "POST_IDS", "EMAIL", "MOBILE", "SEX", "AVATAR", "STATUS", "LOGIN_IP", "LOGIN_DATE", "CREATOR", "CREATE_TIME", "UPDATER", "UPDATE_TIME", "TENANT_ID", "DELETED") VALUES ('100', 'yudao', '$2a$10$11U48RhyJ5pSBYWSn12AD./ld671.ycSzJHbyrtpeoMeYiw31eo8a', '芋道', '不要吓我', '104', '[1]', 'yudao@iocoder.cn', '15601691300', '1', NULL, '1', NULL, NULL, NULL, TO_DATE('2021-01-07 09:07:17', 'SYYYY-MM-DD HH24:MI:SS'), '104', TO_DATE('2021-12-16 09:26:10', 'SYYYY-MM-DD HH24:MI:SS'), '1', '0');
INSERT INTO "SYSTEM_USERS" ("ID", "USERNAME", "PASSWORD", "NICKNAME", "REMARK", "DEPT_ID", "POST_IDS", "EMAIL", "MOBILE", "SEX", "AVATAR", "STATUS", "LOGIN_IP", "LOGIN_DATE", "CREATOR", "CREATE_TIME", "UPDATER", "UPDATE_TIME", "TENANT_ID", "DELETED") VALUES ('103', 'yuanma', '$2a$10$wWoPT7sqriM2O1YXRL.je.GiL538OR6ZTN8aQZr9JAGdnpCH2tpYe', '源码', NULL, '106', NULL, 'yuanma@iocoder.cn', '15601701300', '0', NULL, '0', '127.0.0.1', TO_DATE('2022-01-18 00:33:40', 'SYYYY-MM-DD HH24:MI:SS'), NULL, TO_DATE('2021-01-13 23:50:35', 'SYYYY-MM-DD HH24:MI:SS'), NULL, TO_DATE('2022-01-18 00:33:40', 'SYYYY-MM-DD HH24:MI:SS'), '1', '0');
INSERT INTO "SYSTEM_USERS" ("ID", "USERNAME", "PASSWORD", "NICKNAME", "REMARK", "DEPT_ID", "POST_IDS", "EMAIL", "MOBILE", "SEX", "AVATAR", "STATUS", "LOGIN_IP", "LOGIN_DATE", "CREATOR", "CREATE_TIME", "UPDATER", "UPDATE_TIME", "TENANT_ID", "DELETED") VALUES ('104', 'test', '$2a$10$e5RpuDCC0GYSt0Hvd2.CjujIXwgGct4SnXi6dVGxdgFsnqgEryk5a', '测试号', NULL, '107', '[]', '111@qq.com', '15601691200', '1', NULL, '0', '127.0.0.1', TO_DATE('2022-03-19 21:46:19', 'SYYYY-MM-DD HH24:MI:SS'), NULL, TO_DATE('2021-01-21 02:13:53', 'SYYYY-MM-DD HH24:MI:SS'), NULL, TO_DATE('2022-03-19 21:46:19', 'SYYYY-MM-DD HH24:MI:SS'), '1', '0');
INSERT INTO "SYSTEM_USERS" ("ID", "USERNAME", "PASSWORD", "NICKNAME", "REMARK", "DEPT_ID", "POST_IDS", "EMAIL", "MOBILE", "SEX", "AVATAR", "STATUS", "LOGIN_IP", "LOGIN_DATE", "CREATOR", "CREATE_TIME", "UPDATER", "UPDATE_TIME", "TENANT_ID", "DELETED") VALUES ('107', 'admin107', '$2a$10$dYOOBKMO93v/.ReCqzyFg.o67Tqk.bbc2bhrpyBGkIw9aypCtr2pm', '芋艿', NULL, NULL, NULL, NULL, '15601691300', '0', NULL, '0', NULL, NULL, '1', TO_DATE('2022-02-20 22:59:33', 'SYYYY-MM-DD HH24:MI:SS'), '1', TO_DATE('2022-02-27 08:26:51', 'SYYYY-MM-DD HH24:MI:SS'), '118', '0');
INSERT INTO "SYSTEM_USERS" ("ID", "USERNAME", "PASSWORD", "NICKNAME", "REMARK", "DEPT_ID", "POST_IDS", "EMAIL", "MOBILE", "SEX", "AVATAR", "STATUS", "LOGIN_IP", "LOGIN_DATE", "CREATOR", "CREATE_TIME", "UPDATER", "UPDATE_TIME", "TENANT_ID", "DELETED") VALUES ('108', 'admin108', '$2a$10$y6mfvKoNYL1GXWak8nYwVOH.kCWqjactkzdoIDgiKl93WN3Ejg.Lu', '芋艿', NULL, NULL, NULL, NULL, '15601691300', '0', NULL, '0', NULL, NULL, '1', TO_DATE('2022-02-20 23:00:50', 'SYYYY-MM-DD HH24:MI:SS'), '1', TO_DATE('2022-02-27 08:26:53', 'SYYYY-MM-DD HH24:MI:SS'), '119', '0');
INSERT INTO "SYSTEM_USERS" ("ID", "USERNAME", "PASSWORD", "NICKNAME", "REMARK", "DEPT_ID", "POST_IDS", "EMAIL", "MOBILE", "SEX", "AVATAR", "STATUS", "LOGIN_IP", "LOGIN_DATE", "CREATOR", "CREATE_TIME", "UPDATER", "UPDATE_TIME", "TENANT_ID", "DELETED") VALUES ('109', 'admin109', '$2a$10$JAqvH0tEc0I7dfDVBI7zyuB4E3j.uH6daIjV53.vUS6PknFkDJkuK', '芋艿', NULL, NULL, NULL, NULL, '15601691300', '0', NULL, '0', NULL, NULL, '1', TO_DATE('2022-02-20 23:11:50', 'SYYYY-MM-DD HH24:MI:SS'), '1', TO_DATE('2022-02-27 08:26:56', 'SYYYY-MM-DD HH24:MI:SS'), '120', '0');
INSERT INTO "SYSTEM_USERS" ("ID", "USERNAME", "PASSWORD", "NICKNAME", "REMARK", "DEPT_ID", "POST_IDS", "EMAIL", "MOBILE", "SEX", "AVATAR", "STATUS", "LOGIN_IP", "LOGIN_DATE", "CREATOR", "CREATE_TIME", "UPDATER", "UPDATE_TIME", "TENANT_ID", "DELETED") VALUES ('110', 'admin110', '$2a$10$qYxoXs0ogPHgYllyEneYde9xcCW5hZgukrxeXZ9lmLhKse8TK6IwW', '小王', NULL, NULL, NULL, NULL, '15601691300', '0', NULL, '0', '127.0.0.1', TO_DATE('2022-02-23 19:36:28', 'SYYYY-MM-DD HH24:MI:SS'), '1', TO_DATE('2022-02-22 00:56:14', 'SYYYY-MM-DD HH24:MI:SS'), NULL, TO_DATE('2022-02-27 08:26:59', 'SYYYY-MM-DD HH24:MI:SS'), '121', '0');
INSERT INTO "SYSTEM_USERS" ("ID", "USERNAME", "PASSWORD", "NICKNAME", "REMARK", "DEPT_ID", "POST_IDS", "EMAIL", "MOBILE", "SEX", "AVATAR", "STATUS", "LOGIN_IP", "LOGIN_DATE", "CREATOR", "CREATE_TIME", "UPDATER", "UPDATE_TIME", "TENANT_ID", "DELETED") VALUES ('111', 'test', '$2a$10$mExveopHUx9Q4QiLtAzhDeH3n4/QlNLzEsM4AqgxKrU.ciUZDXZCy', '测试用户', NULL, NULL, '[]', NULL, NULL, '0', NULL, '0', NULL, NULL, '110', TO_DATE('2022-02-23 13:14:33', 'SYYYY-MM-DD HH24:MI:SS'), '110', TO_DATE('2022-02-23 13:14:33', 'SYYYY-MM-DD HH24:MI:SS'), '121', '0');
INSERT INTO "SYSTEM_USERS" ("ID", "USERNAME", "PASSWORD", "NICKNAME", "REMARK", "DEPT_ID", "POST_IDS", "EMAIL", "MOBILE", "SEX", "AVATAR", "STATUS", "LOGIN_IP", "LOGIN_DATE", "CREATOR", "CREATE_TIME", "UPDATER", "UPDATE_TIME", "TENANT_ID", "DELETED") VALUES ('112', 'newobject', '$2a$10$jh5MsR.ud/gKe3mVeUp5t.nEXGDSmHyv5OYjWQwHO8wlGmMSI9Twy', '新对象', NULL, NULL, '[]', NULL, NULL, '0', NULL, '0', NULL, NULL, '1', TO_DATE('2022-02-23 19:08:03', 'SYYYY-MM-DD HH24:MI:SS'), '1', TO_DATE('2022-02-23 19:08:03', 'SYYYY-MM-DD HH24:MI:SS'), '1', '0');
INSERT INTO "SYSTEM_USERS" ("ID", "USERNAME", "PASSWORD", "NICKNAME", "REMARK", "DEPT_ID", "POST_IDS", "EMAIL", "MOBILE", "SEX", "AVATAR", "STATUS", "LOGIN_IP", "LOGIN_DATE", "CREATOR", "CREATE_TIME", "UPDATER", "UPDATE_TIME", "TENANT_ID", "DELETED") VALUES ('113', 'aoteman', '$2a$10$0acJOIk2D25/oC87nyclE..0lzeu9DtQ/n3geP4fkun/zIVRhHJIO', '芋道', NULL, NULL, NULL, NULL, '15601691300', '0', NULL, '0', '127.0.0.1', TO_DATE('2022-03-19 18:38:51', 'SYYYY-MM-DD HH24:MI:SS'), '1', TO_DATE('2022-03-07 21:37:58', 'SYYYY-MM-DD HH24:MI:SS'), NULL, TO_DATE('2022-03-19 18:38:51', 'SYYYY-MM-DD HH24:MI:SS'), '122', '0');
INSERT INTO "SYSTEM_USERS" ("ID", "USERNAME", "PASSWORD", "NICKNAME", "REMARK", "DEPT_ID", "POST_IDS", "EMAIL", "MOBILE", "SEX", "AVATAR", "STATUS", "LOGIN_IP", "LOGIN_DATE", "CREATOR", "CREATE_TIME", "UPDATER", "UPDATE_TIME", "TENANT_ID", "DELETED") VALUES ('114', 'hrmgr', '$2a$10$TR4eybBioGRhBmDBWkqWLO6NIh3mzYa8KBKDDB5woiGYFVlRAi.fu', 'hr 小姐姐', NULL, NULL, '[3]', NULL, NULL, '0', NULL, '0', '127.0.0.1', TO_DATE('2022-03-19 22:15:43', 'SYYYY-MM-DD HH24:MI:SS'), '1', TO_DATE('2022-03-19 21:50:58', 'SYYYY-MM-DD HH24:MI:SS'), '1', TO_DATE('2022-05-01 01:08:58', 'SYYYY-MM-DD HH24:MI:SS'), '1', '0');
INSERT INTO "SYSTEM_USERS" ("ID", "USERNAME", "PASSWORD", "NICKNAME", "REMARK", "DEPT_ID", "POST_IDS", "EMAIL", "MOBILE", "SEX", "AVATAR", "STATUS", "LOGIN_IP", "LOGIN_DATE", "CREATOR", "CREATE_TIME", "UPDATER", "UPDATE_TIME", "TENANT_ID", "DELETED") VALUES ('0', 'admin2', '$2a$10$KYL8IPJPIzuZWfOgPqOuU.VeZqWistCv5pxtoaq2SwPBDgBR4uh6G', '123', NULL, NULL, '[]', NULL, NULL, NULL, NULL, '0', NULL, NULL, '1', TO_DATE('2022-05-01 01:05:12', 'SYYYY-MM-DD HH24:MI:SS'), '1', TO_DATE('2022-05-01 01:05:12', 'SYYYY-MM-DD HH24:MI:SS'), '1', '0');
COMMIT;
COMMIT;

INSERT INTO "SYSTEM_USER_POST" ("ID", "USER_ID", "POST_ID", "CREATOR", "CREATE_TIME", "UPDATER", "UPDATE_TIME", "DELETED", "TENANT_ID") VALUES ('112', '1', '1', 'admin', TO_DATE('2022-05-02 07:25:24', 'SYYYY-MM-DD HH24:MI:SS'), 'admin', TO_DATE('2022-05-02 07:25:24', 'SYYYY-MM-DD HH24:MI:SS'), '0', '1');
INSERT INTO "SYSTEM_USER_POST" ("ID", "USER_ID", "POST_ID", "CREATOR", "CREATE_TIME", "UPDATER", "UPDATE_TIME", "DELETED", "TENANT_ID") VALUES ('113', '100', '1', 'admin', TO_DATE('2022-05-02 07:25:24', 'SYYYY-MM-DD HH24:MI:SS'), 'admin', TO_DATE('2022-05-02 07:25:24', 'SYYYY-MM-DD HH24:MI:SS'), '0', '1');
INSERT INTO "SYSTEM_USER_POST" ("ID", "USER_ID", "POST_ID", "CREATOR", "CREATE_TIME", "UPDATER", "UPDATE_TIME", "DELETED", "TENANT_ID") VALUES ('114', '114', '3', 'admin', TO_DATE('2022-05-02 07:25:24', 'SYYYY-MM-DD HH24:MI:SS'), 'admin', TO_DATE('2022-05-02 07:25:24', 'SYYYY-MM-DD HH24:MI:SS'), '0', '1');
COMMIT;
COMMIT;

INSERT INTO "SYSTEM_USER_ROLE" ("ID", "USER_ID", "ROLE_ID", "CREATOR", "CREATE_TIME", "UPDATER", "UPDATE_TIME", "TENANT_ID", "DELETED") VALUES ('1', '1', '1', NULL, TO_DATE('2022-02-20 22:59:33', 'SYYYY-MM-DD HH24:MI:SS'), NULL, TO_DATE('2022-02-20 22:59:33', 'SYYYY-MM-DD HH24:MI:SS'), '1', '0');
INSERT INTO "SYSTEM_USER_ROLE" ("ID", "USER_ID", "ROLE_ID", "CREATOR", "CREATE_TIME", "UPDATER", "UPDATE_TIME", "TENANT_ID", "DELETED") VALUES ('2', '2', '2', NULL, TO_DATE('2022-02-20 22:59:33', 'SYYYY-MM-DD HH24:MI:SS'), NULL, TO_DATE('2022-02-20 22:59:33', 'SYYYY-MM-DD HH24:MI:SS'), '1', '0');
INSERT INTO "SYSTEM_USER_ROLE" ("ID", "USER_ID", "ROLE_ID", "CREATOR", "CREATE_TIME", "UPDATER", "UPDATE_TIME", "TENANT_ID", "DELETED") VALUES ('4', '100', '101', NULL, TO_DATE('2022-02-20 22:59:33', 'SYYYY-MM-DD HH24:MI:SS'), NULL, TO_DATE('2022-02-20 22:59:33', 'SYYYY-MM-DD HH24:MI:SS'), '1', '0');
INSERT INTO "SYSTEM_USER_ROLE" ("ID", "USER_ID", "ROLE_ID", "CREATOR", "CREATE_TIME", "UPDATER", "UPDATE_TIME", "TENANT_ID", "DELETED") VALUES ('5', '100', '1', NULL, TO_DATE('2022-02-20 22:59:33', 'SYYYY-MM-DD HH24:MI:SS'), NULL, TO_DATE('2022-02-20 22:59:33', 'SYYYY-MM-DD HH24:MI:SS'), '1', '0');
INSERT INTO "SYSTEM_USER_ROLE" ("ID", "USER_ID", "ROLE_ID", "CREATOR", "CREATE_TIME", "UPDATER", "UPDATE_TIME", "TENANT_ID", "DELETED") VALUES ('6', '100', '2', NULL, TO_DATE('2022-02-20 22:59:33', 'SYYYY-MM-DD HH24:MI:SS'), NULL, TO_DATE('2022-02-20 22:59:33', 'SYYYY-MM-DD HH24:MI:SS'), '1', '0');
INSERT INTO "SYSTEM_USER_ROLE" ("ID", "USER_ID", "ROLE_ID", "CREATOR", "CREATE_TIME", "UPDATER", "UPDATE_TIME", "TENANT_ID", "DELETED") VALUES ('7', '104', '101', NULL, TO_DATE('2022-02-20 22:59:33', 'SYYYY-MM-DD HH24:MI:SS'), NULL, TO_DATE('2022-02-20 22:59:33', 'SYYYY-MM-DD HH24:MI:SS'), '1', '0');
INSERT INTO "SYSTEM_USER_ROLE" ("ID", "USER_ID", "ROLE_ID", "CREATOR", "CREATE_TIME", "UPDATER", "UPDATE_TIME", "TENANT_ID", "DELETED") VALUES ('10', '103', '1', '1', TO_DATE('2022-01-11 13:19:45', 'SYYYY-MM-DD HH24:MI:SS'), '1', TO_DATE('2022-01-11 13:19:45', 'SYYYY-MM-DD HH24:MI:SS'), '1', '0');
INSERT INTO "SYSTEM_USER_ROLE" ("ID", "USER_ID", "ROLE_ID", "CREATOR", "CREATE_TIME", "UPDATER", "UPDATE_TIME", "TENANT_ID", "DELETED") VALUES ('11', '107', '106', '1', TO_DATE('2022-02-20 22:59:33', 'SYYYY-MM-DD HH24:MI:SS'), '1', TO_DATE('2022-02-20 22:59:33', 'SYYYY-MM-DD HH24:MI:SS'), '118', '0');
INSERT INTO "SYSTEM_USER_ROLE" ("ID", "USER_ID", "ROLE_ID", "CREATOR", "CREATE_TIME", "UPDATER", "UPDATE_TIME", "TENANT_ID", "DELETED") VALUES ('12', '108', '107', '1', TO_DATE('2022-02-20 23:00:50', 'SYYYY-MM-DD HH24:MI:SS'), '1', TO_DATE('2022-02-20 23:00:50', 'SYYYY-MM-DD HH24:MI:SS'), '119', '0');
INSERT INTO "SYSTEM_USER_ROLE" ("ID", "USER_ID", "ROLE_ID", "CREATOR", "CREATE_TIME", "UPDATER", "UPDATE_TIME", "TENANT_ID", "DELETED") VALUES ('13', '109', '108', '1', TO_DATE('2022-02-20 23:11:50', 'SYYYY-MM-DD HH24:MI:SS'), '1', TO_DATE('2022-02-20 23:11:50', 'SYYYY-MM-DD HH24:MI:SS'), '120', '0');
INSERT INTO "SYSTEM_USER_ROLE" ("ID", "USER_ID", "ROLE_ID", "CREATOR", "CREATE_TIME", "UPDATER", "UPDATE_TIME", "TENANT_ID", "DELETED") VALUES ('14', '110', '109', '1', TO_DATE('2022-02-22 00:56:14', 'SYYYY-MM-DD HH24:MI:SS'), '1', TO_DATE('2022-02-22 00:56:14', 'SYYYY-MM-DD HH24:MI:SS'), '121', '0');
INSERT INTO "SYSTEM_USER_ROLE" ("ID", "USER_ID", "ROLE_ID", "CREATOR", "CREATE_TIME", "UPDATER", "UPDATE_TIME", "TENANT_ID", "DELETED") VALUES ('15', '111', '110', '110', TO_DATE('2022-02-23 13:14:38', 'SYYYY-MM-DD HH24:MI:SS'), '110', TO_DATE('2022-02-23 13:14:38', 'SYYYY-MM-DD HH24:MI:SS'), '121', '0');
INSERT INTO "SYSTEM_USER_ROLE" ("ID", "USER_ID", "ROLE_ID", "CREATOR", "CREATE_TIME", "UPDATER", "UPDATE_TIME", "TENANT_ID", "DELETED") VALUES ('16', '113', '111', '1', TO_DATE('2022-03-07 21:37:58', 'SYYYY-MM-DD HH24:MI:SS'), '1', TO_DATE('2022-03-07 21:37:58', 'SYYYY-MM-DD HH24:MI:SS'), '122', '0');
INSERT INTO "SYSTEM_USER_ROLE" ("ID", "USER_ID", "ROLE_ID", "CREATOR", "CREATE_TIME", "UPDATER", "UPDATE_TIME", "TENANT_ID", "DELETED") VALUES ('17', '114', '101', '1', TO_DATE('2022-03-19 21:51:13', 'SYYYY-MM-DD HH24:MI:SS'), '1', TO_DATE('2022-03-19 21:51:13', 'SYYYY-MM-DD HH24:MI:SS'), '1', '0');
COMMIT;
COMMIT;